,Company,TypeName,CPU_Frequency (GHz),RAM (GB),GPU_Company,Weight (kg),Price (Euro),Touchscreen,Ips,ppi,CPU,CPU_Tier,HDD,SSD,GPU_Tier,OS
0,Apple,Ultrabook,2.3,8,Intel,1.37,1339.69,0,1,226.98300468106115,Core i5,3,0,128,2,Mac
1,Apple,Ultrabook,1.8,8,Intel,1.34,898.94,0,0,127.67794013309688,Core i5,3,0,0,2,Mac
2,HP,Notebook,2.5,8,Intel,1.86,575.0,0,0,141.21199808219862,Core i5,3,0,256,2,Other
3,Apple,Ultrabook,2.7,16,AMD,1.83,2537.45,0,1,220.53462386625827,Core i7,4,0,512,2,Mac
4,Apple,Ultrabook,3.1,8,Intel,1.37,1803.6,0,1,226.98300468106115,Core i5,3,0,256,2,Mac
5,Acer,Notebook,3.0,4,AMD,2.1,400.0,0,0,100.45466986113651,A9-Series,1,500,0,2,Windows
6,Apple,Ultrabook,2.2,16,Intel,2.04,2139.97,0,1,220.53462386625827,Core i7,4,0,0,2,Mac
7,Apple,Ultrabook,1.8,8,Intel,1.34,1158.7,0,0,127.67794013309688,Core i5,3,0,0,2,Mac
8,Asus,Ultrabook,1.8,16,Nvidia,1.3,1495.0,0,0,157.3505121487356,Core i7,4,0,512,2,Windows
9,Acer,Ultrabook,1.6,8,Intel,1.6,770.0,0,1,157.3505121487356,Core i5,3,0,256,2,Windows
10,HP,Notebook,2.5,4,Intel,1.86,393.9,0,0,100.45466986113651,Core i5,3,500,0,2,Other
11,HP,Notebook,2.0,4,Intel,1.86,344.99,0,0,141.21199808219862,Core i3,2,500,0,2,Other
12,Apple,Ultrabook,2.8,16,AMD,1.83,2439.97,0,1,220.53462386625827,Core i7,4,0,256,2,Mac
13,Dell,Notebook,2.0,4,AMD,2.2,498.9,0,0,141.21199808219862,Core i3,2,0,256,2,Windows
14,Apple,Ultrabook,1.2,8,Intel,0.92,1262.4,0,1,226.41554716935852,Core M,2,0,256,2,Mac
15,Apple,Ultrabook,2.3,8,Intel,1.37,1518.55,0,1,226.98300468106115,Core i5,3,0,256,2,Mac
16,Dell,Notebook,2.7,8,AMD,2.2,745.0,0,0,141.21199808219862,Core i7,4,0,256,2,Windows
17,Apple,Ultrabook,2.9,16,AMD,1.83,2858.0,0,1,220.53462386625827,Core i7,4,0,512,2,Mac
18,Lenovo,Notebook,2.4,8,Nvidia,2.2,499.0,0,0,141.21199808219862,Core i3,2,1000,0,2,Other
19,Dell,Ultrabook,1.6,8,Intel,1.22,979.0,1,1,165.6321180513006,Core i5,3,0,128,2,Windows
20,Asus,Netbook,1.44,2,Intel,0.98,191.9,0,0,135.0942111925629,Atom,1,0,0,2,Windows
21,Lenovo,Gaming,2.5,8,Nvidia,2.5,999.0,0,1,141.21199808219862,Core i5,3,1000,128,3,Windows
22,HP,Notebook,1.5,4,AMD,1.86,258.0,0,0,100.45466986113651,E-Series,1,500,0,2,Other
23,Dell,2 in 1 Convertible,1.6,8,Intel,1.62,819.0,1,0,165.6321180513006,Core i5,3,0,256,2,Windows
24,HP,Ultrabook,1.8,8,Intel,1.91,659.0,0,0,141.21199808219862,Core i7,4,0,256,2,Windows
25,Dell,Notebook,2.0,4,Intel,2.3,418.64,0,0,100.45466986113651,Core i3,2,1000,0,2,Windows
26,Apple,Ultrabook,1.6,8,Intel,1.35,1099.0,0,0,127.67794013309688,Core i5,3,0,0,2,Mac
27,Dell,Notebook,1.6,8,AMD,2.2,800.0,0,0,141.21199808219862,Core i5,3,0,256,2,Windows
28,Dell,Ultrabook,1.9,8,Intel,1.88,1298.0,0,0,141.21199808219862,Core i7,4,0,512,2,Windows
29,HP,Notebook,1.6,8,Nvidia,2.5,896.0,0,0,127.33567457123111,Core i5,3,1000,0,2,Windows
30,Chuwi,Notebook,1.44,4,Intel,1.89,244.99,0,0,141.21199808219862,Atom,1,0,0,2,Windows
31,Asus,Notebook,1.5,2,AMD,1.65,199.0,0,0,111.93520355955211,E-Series,1,0,0,2,Windows
32,HP,Notebook,2.5,4,AMD,2.71,439.0,0,0,127.33567457123111,A6-Series,1,500,0,2,Windows
33,Dell,Ultrabook,1.8,16,Intel,1.2,1869.0,1,0,276.053530085501,Core i7,4,0,512,2,Windows
34,Apple,Ultrabook,1.6,8,Intel,1.35,998.0,0,0,127.67794013309688,Core i5,3,0,0,2,Mac
35,Lenovo,Notebook,1.1,4,Intel,1.44,249.0,0,0,111.93520355955211,Celeron,1,0,0,2,Windows
36,Acer,Notebook,2.7,4,Intel,2.1,367.0,0,0,100.45466986113651,Core i3,2,1000,0,2,Other
37,Dell,Notebook,1.6,8,AMD,2.8,979.0,0,1,127.33567457123111,Core i5,3,1000,128,2,Windows
38,HP,Notebook,2.5,4,Intel,1.86,488.69,0,0,100.45466986113651,Core i5,3,1000,0,2,Windows
39,HP,Notebook,1.6,8,Nvidia,2.1,879.0,0,0,141.21199808219862,Core i5,3,0,256,2,Windows
40,Asus,Notebook,2.0,4,Intel,2.0,389.0,0,0,141.21199808219862,Core i3,2,1000,0,2,Other
41,Dell,Gaming,2.8,16,Nvidia,2.65,1499.0,0,1,141.21199808219862,Core i7,4,1000,256,4,Windows
42,Asus,Notebook,2.5,8,Nvidia,2.3,522.99,0,0,100.45466986113651,Core i5,3,1000,0,2,Other
43,Acer,Notebook,1.6,4,Intel,2.2,682.0,0,1,141.21199808219862,Core i5,3,0,256,2,Windows
44,Dell,2 in 1 Convertible,1.6,12,Nvidia,2.77,999.0,1,0,127.33567457123111,Core i5,3,1000,0,2,Windows
45,Apple,Ultrabook,2.0,8,Intel,1.37,1419.0,0,1,226.98300468106115,Core i5,3,0,256,2,Mac
46,Lenovo,Notebook,2.0,4,Intel,2.2,369.0,0,0,100.45466986113651,Core i3,2,0,128,2,Other
47,Asus,Gaming,3.0,8,AMD,3.2,1299.0,0,0,127.33567457123111,Ryzen,2,1000,256,2,Windows
48,Dell,Notebook,2.5,4,AMD,2.3,639.0,0,0,141.21199808219862,Core i5,3,0,256,2,Windows
49,Asus,Notebook,1.1,4,Nvidia,2.8,466.0,0,0,90.58340172449303,Pentium,1,1000,0,2,Windows
50,Lenovo,2 in 1 Convertible,1.44,4,Intel,0.69,319.0,1,1,224.17380907857276,Atom,1,0,0,2,Other
51,Acer,Notebook,1.8,8,Nvidia,2.2,841.0,0,1,141.21199808219862,Core i7,4,0,256,2,Windows
52,HP,Notebook,2.5,4,AMD,1.86,398.49,0,0,141.21199808219862,A6-Series,1,0,256,2,Windows
53,HP,Notebook,1.8,8,Intel,1.49,1103.0,0,0,165.6321180513006,Core i7,4,0,512,2,Windows
54,Acer,Notebook,2.4,4,Intel,2.4,384.0,0,0,100.45466986113651,Core i3,2,1000,0,2,Windows
55,Dell,Notebook,1.8,8,AMD,2.13,767.8,0,0,141.21199808219862,Core i7,4,0,256,2,Windows
56,HP,Notebook,2.0,4,Intel,1.91,439.0,0,0,141.21199808219862,Core i3,2,0,128,2,Windows
57,Asus,Notebook,2.5,4,Intel,2.0,586.19,0,0,100.45466986113651,Core i5,3,0,256,2,Windows
58,MSI,Gaming,2.8,16,Nvidia,2.43,2449.0,0,0,127.33567457123111,Core i7,4,2000,256,4,Windows
59,Asus,Notebook,2.0,4,Intel,2.0,415.0,0,0,141.21199808219862,Core i3,2,0,256,2,Other
60,Dell,Notebook,1.8,16,AMD,2.8,1299.0,0,0,127.33567457123111,Core i7,4,2000,256,2,Windows
61,Dell,Ultrabook,1.6,8,Intel,1.7,879.0,0,0,157.3505121487356,Core i5,3,0,256,2,Windows
62,Lenovo,Notebook,2.7,8,Intel,1.7,599.0,0,1,157.3505121487356,Core i3,2,0,256,2,Other
63,Asus,Notebook,1.6,8,Intel,1.4,941.0,0,0,157.3505121487356,Core i5,3,0,256,2,Windows
64,HP,Notebook,2.5,8,Intel,1.86,690.0,0,0,141.21199808219862,Core i5,3,0,256,2,Windows
65,Asus,Ultrabook,2.8,16,Nvidia,1.8,1983.0,0,0,141.21199808219862,Core i7,4,0,512,3,Windows
66,HP,Notebook,2.0,4,AMD,1.86,438.69,0,0,100.45466986113651,Core i3,2,500,0,2,Windows
67,HP,Notebook,1.6,4,Intel,1.44,229.0,0,0,111.93520355955211,Celeron,1,0,32,2,Windows
68,Lenovo,Notebook,2.5,4,Intel,1.9,549.0,0,0,141.21199808219862,Core i5,3,1000,0,2,Windows
69,Asus,Gaming,2.8,12,Nvidia,3.0,949.0,0,0,127.33567457123111,Core i7,4,1000,0,3,Other
70,Microsoft,Ultrabook,2.5,4,Intel,1.252,1089.0,1,0,200.84255993695703,Core i5,3,0,128,2,Windows
71,Dell,Ultrabook,1.8,8,AMD,1.4,955.0,0,1,165.6321180513006,Core i7,4,0,256,2,Windows
72,Dell,Notebook,1.8,8,AMD,2.2,870.0,0,0,141.21199808219862,Core i7,4,0,256,2,Windows
73,MSI,Gaming,2.5,8,Nvidia,2.7,1095.0,0,0,127.33567457123111,Core i5,3,1000,128,3,Windows
74,Acer,Notebook,2.0,8,Intel,2.1,389.0,0,0,111.93520355955211,Core i3,2,1000,0,2,Windows
75,Asus,Gaming,2.8,8,Nvidia,2.2,949.0,0,0,141.21199808219862,Core i7,4,1000,0,3,Windows
76,Lenovo,Notebook,2.5,8,Intel,2.2,519.0,0,0,141.21199808219862,Core i5,3,2000,0,2,Other
77,Dell,Notebook,1.8,8,Intel,2.02,855.0,0,0,141.21199808219862,Core i7,4,1000,128,2,Windows
78,Acer,Notebook,2.7,4,Nvidia,2.2,530.0,0,0,141.21199808219862,Core i3,2,1000,0,2,Windows
79,HP,Notebook,1.6,8,Nvidia,2.5,977.0,0,0,127.33567457123111,Core i5,3,1000,128,2,Windows
80,Dell,Ultrabook,1.6,8,Intel,1.88,1096.16,0,1,141.21199808219862,Core i5,3,0,256,2,Windows
81,Apple,Ultrabook,1.3,8,Intel,0.92,1510.0,0,1,226.41554716935852,Core i5,3,0,512,2,Mac
82,HP,Notebook,1.6,8,Intel,1.63,860.0,0,0,157.3505121487356,Core i5,3,0,256,2,Windows
83,Lenovo,Notebook,2.5,4,AMD,2.2,399.0,0,0,141.21199808219862,A6-Series,1,0,128,2,Windows
84,Acer,Notebook,3.0,4,AMD,2.1,395.0,0,0,100.45466986113651,A9-Series,1,1000,0,2,Windows
85,Dell,Gaming,2.8,16,Nvidia,2.65,1349.0,0,1,141.21199808219862,Core i7,4,1000,128,3,Windows
86,HP,Ultrabook,1.8,8,Nvidia,1.83,699.0,0,1,141.21199808219862,Core i7,4,0,256,2,Windows
87,HP,Notebook,2.5,8,Intel,1.96,598.99,0,0,141.21199808219862,Core i5,3,0,256,2,Windows
88,Asus,Gaming,2.8,16,Nvidia,2.2,1449.0,0,1,141.21199808219862,Core i7,4,1000,128,4,Windows
89,Dell,Ultrabook,1.8,8,Intel,1.21,1649.0,0,1,165.6321180513006,Core i7,4,0,256,2,Windows
90,Asus,Gaming,3.0,8,AMD,2.45,699.0,0,0,141.21199808219862,FX,2,1000,0,2,Windows
91,Acer,Notebook,1.8,8,Nvidia,2.2,689.0,0,0,141.21199808219862,Core i7,4,1000,0,2,Windows
92,HP,Notebook,1.8,16,Intel,1.49,1197.0,0,0,165.6321180513006,Core i7,4,0,512,2,Windows
93,Dell,Gaming,2.5,8,Nvidia,2.65,1195.0,0,0,141.21199808219862,Core i5,3,0,256,4,Windows
94,Asus,Ultrabook,2.7,8,Intel,1.25,1049.0,0,0,157.3505121487356,Core i7,4,0,256,2,Windows
95,Acer,2 in 1 Convertible,1.6,8,Intel,1.5,847.0,1,1,165.6321180513006,Core i5,3,0,256,2,Windows
96,Dell,Notebook,2.7,8,AMD,2.2,599.9,0,0,141.21199808219862,Core i7,4,1000,0,2,Other
97,Dell,Notebook,2.0,4,AMD,2.2,485.0,0,0,141.21199808219862,Core i3,2,0,256,2,Other
98,Asus,Notebook,2.4,6,Nvidia,2.0,577.0,0,0,141.21199808219862,Core i3,2,0,256,2,Windows
99,HP,Gaming,2.8,12,Nvidia,2.62,1249.0,0,1,141.21199808219862,Core i7,4,1000,128,3,Windows
100,HP,Notebook,2.7,8,AMD,1.91,719.0,0,0,141.21199808219862,Core i7,4,0,256,2,Windows
101,HP,Notebook,1.5,4,AMD,2.1,349.0,0,0,141.21199808219862,E-Series,1,500,0,2,Windows
102,Dell,Notebook,1.6,8,AMD,2.2,647.0,0,0,141.21199808219862,Core i5,3,1000,0,2,Other
103,HP,Ultrabook,2.7,8,Nvidia,1.38,1119.0,0,1,165.6321180513006,Core i7,4,0,256,2,Windows
104,Microsoft,Ultrabook,2.5,8,Intel,1.252,1340.0,1,0,200.84255993695703,Core i5,3,0,256,2,Windows
105,HP,Notebook,2.5,6,Nvidia,1.58,659.0,0,1,157.3505121487356,Core i5,3,0,256,2,Windows
106,Lenovo,Notebook,2.0,4,Intel,1.85,414.9,0,0,141.21199808219862,Core i3,2,1000,0,2,Windows
107,Asus,Ultrabook,2.7,8,Nvidia,1.3,1193.0,0,1,157.3505121487356,Core i7,4,0,256,2,Windows
108,MSI,Gaming,2.8,16,Nvidia,2.2,1299.0,0,0,141.21199808219862,Core i7,4,1000,256,3,Windows
109,Lenovo,Notebook,2.7,8,Intel,1.58,1480.0,0,1,157.3505121487356,Core i7,4,0,256,2,Windows
110,Asus,Ultrabook,1.8,16,Nvidia,1.5,1262.0,0,0,141.21199808219862,Core i7,4,1000,256,2,Windows
111,Dell,Ultrabook,2.4,8,Intel,1.23,1379.0,1,0,276.053530085501,Core i7,4,0,256,2,Windows
112,Lenovo,2 in 1 Convertible,2.5,8,Intel,1.37,1399.0,1,1,165.6321180513006,Core i5,3,0,256,2,Windows
113,HP,Notebook,1.6,4,Intel,1.63,722.0,0,1,111.93520355955211,Core i5,3,500,0,2,Windows
114,Dell,Ultrabook,1.6,8,Intel,1.21,1629.0,0,1,165.6321180513006,Core i5,3,0,256,2,Windows
115,HP,2 in 1 Convertible,1.6,8,Intel,1.26,1398.99,1,1,165.6321180513006,Core i5,3,0,256,2,Windows
116,HP,Notebook,1.8,8,Intel,1.63,1084.0,0,0,157.3505121487356,Core i7,4,0,512,2,Windows
117,Dell,Notebook,1.8,8,Nvidia,2.16,1130.33,0,1,141.21199808219862,Core i7,4,1000,256,2,Windows
118,Asus,Notebook,2.0,4,Nvidia,2.0,564.0,0,0,127.33567457123111,Core i3,2,1000,0,2,Windows
119,Asus,Notebook,1.8,8,Nvidia,1.7,1118.0,0,0,141.21199808219862,Core i7,4,0,256,2,Windows
120,Acer,Notebook,2.4,6,Intel,2.1,479.0,1,1,141.21199808219862,Core i3,2,1000,0,2,Windows
121,MSI,Gaming,2.8,16,Nvidia,1.8,2241.5,0,0,141.21199808219862,Core i7,4,2000,256,4,Windows
122,Lenovo,Notebook,2.5,8,Nvidia,2.2,629.0,0,0,141.21199808219862,Core i5,3,0,256,2,Other
123,HP,Notebook,1.8,16,Nvidia,2.5,1271.0,0,0,127.33567457123111,Core i7,4,0,512,2,Windows
124,Acer,Notebook,3.0,4,AMD,2.1,451.0,0,0,100.45466986113651,A9-Series,1,0,256,2,Windows
125,HP,Notebook,1.6,4,Intel,1.86,259.0,0,0,100.45466986113651,Celeron,1,500,0,2,Other
126,HP,Notebook,1.6,8,Intel,1.63,812.0,0,0,157.3505121487356,Core i5,3,1000,0,2,Windows
127,Asus,Notebook,1.5,4,AMD,1.65,277.99,0,0,111.93520355955211,E-Series,1,0,64,2,Windows
128,Dell,Notebook,1.8,16,AMD,2.8,1396.0,0,0,127.33567457123111,Core i7,4,2000,256,2,Windows
129,HP,Notebook,1.6,8,Intel,2.5,928.0,0,0,127.33567457123111,Core i5,3,0,256,2,Windows
130,Dell,Notebook,2.5,8,AMD,2.36,638.99,0,0,100.45466986113651,Core i5,3,1000,0,2,Windows
131,Dell,Notebook,2.0,4,AMD,2.2,449.0,0,0,141.21199808219862,Core i3,2,1000,0,2,Windows
132,Acer,Ultrabook,1.8,8,Intel,1.6,884.0,0,1,157.3505121487356,Core i7,4,0,256,2,Windows
133,Acer,Notebook,2.7,4,Nvidia,2.2,572.0,0,0,141.21199808219862,Core i3,2,0,256,2,Windows
134,HP,Notebook,2.7,8,Intel,2.05,598.0,0,0,100.45466986113651,Core i7,4,1000,0,2,Windows
135,HP,Notebook,1.8,8,Intel,1.63,988.0,0,0,157.3505121487356,Core i7,4,0,256,2,Windows
136,Lenovo,Notebook,1.1,4,Intel,1.9,252.36,0,0,100.45466986113651,Celeron,1,1000,0,2,Other
137,Asus,Gaming,2.5,8,Nvidia,3.0,938.0,0,0,127.33567457123111,Core i5,3,1000,128,3,Windows
138,Lenovo,Notebook,2.5,4,Nvidia,2.2,499.0,0,0,141.21199808219862,Core i5,3,1000,0,2,Other
139,HP,Notebook,2.5,4,Intel,1.32,699.0,0,1,165.6321180513006,Core i5,3,0,256,2,Windows
140,Acer,Notebook,2.7,4,Nvidia,3.0,655.0,0,1,127.33567457123111,Core i3,2,1000,0,2,Windows
141,Lenovo,Notebook,1.6,8,AMD,1.75,1116.02,0,1,157.3505121487356,Core i5,3,0,256,2,Windows
142,Lenovo,Gaming,2.8,8,Nvidia,2.4,869.0,0,1,141.21199808219862,Core i7,4,0,256,3,Other
143,Toshiba,Notebook,2.3,4,Intel,2.1,602.0,0,0,100.45466986113651,Core i5,3,500,0,2,Windows
144,HP,Notebook,2.5,4,AMD,1.86,369.0,0,0,100.45466986113651,A6-Series,1,0,256,2,Windows
145,Asus,Ultrabook,1.8,8,Intel,1.25,1099.0,0,0,157.3505121487356,Core i7,4,0,256,2,Windows
146,HP,Ultrabook,1.2,8,Intel,0.97,2014.0,1,1,352.4651472131677,Core M,2,0,512,2,Windows
147,Asus,Notebook,1.1,4,Intel,2.0,344.0,0,0,141.21199808219862,Celeron,1,1000,0,2,Windows
148,MSI,Gaming,2.8,16,Nvidia,2.9,2029.0,0,0,127.33567457123111,Core i7,4,1000,256,4,Windows
149,Acer,Notebook,2.0,4,Intel,2.1,447.0,0,0,100.45466986113651,Core i3,2,1000,0,2,Windows
150,Dell,Gaming,2.8,16,Nvidia,2.56,1249.26,0,0,141.21199808219862,Core i7,4,0,512,3,Windows
151,Dell,Gaming,2.8,8,Nvidia,2.62,899.0,0,0,141.21199808219862,Core i7,4,0,0,3,Windows
152,Lenovo,Notebook,2.5,4,Intel,1.9,498.0,0,0,100.45466986113651,Core i5,3,0,128,2,Windows
153,MSI,Gaming,2.8,16,Nvidia,2.8,1890.0,0,0,127.33567457123111,Core i7,4,1000,256,4,Windows
154,HP,Ultrabook,2.7,4,Intel,1.48,1082.0,0,0,157.3505121487356,Core i5,3,0,256,2,Windows
155,HP,Notebook,1.6,6,AMD,1.91,619.0,0,0,141.21199808219862,Core i5,3,0,256,2,Windows
156,Lenovo,2 in 1 Convertible,2.4,4,Intel,1.74,629.0,1,1,157.3505121487356,Core i3,2,0,256,2,Windows
157,Asus,2 in 1 Convertible,1.6,8,Intel,1.1,1315.0,1,0,165.6321180513006,Core i5,3,0,256,2,Windows
158,Dell,2 in 1 Convertible,1.8,8,Intel,1.56,1049.0,1,0,141.21199808219862,Core i7,4,0,256,2,Windows
159,Toshiba,Notebook,2.2,4,Intel,2.1,447.0,0,0,100.45466986113651,Core i3,2,500,0,2,Windows
160,Asus,Notebook,3.0,4,AMD,2.03,403.0,0,0,100.45466986113651,A9-Series,1,1000,0,2,Windows
161,Acer,Notebook,1.6,4,Nvidia,3.0,805.0,0,1,127.33567457123111,Core i5,3,0,256,2,Windows
162,Dell,Notebook,1.6,8,AMD,2.13,728.0,0,0,141.21199808219862,Core i5,3,0,256,2,Windows
163,Lenovo,Gaming,2.8,16,Nvidia,2.5,1079.0,0,1,141.21199808219862,Core i7,4,0,256,3,Windows
164,Acer,Notebook,1.1,4,Intel,2.1,348.0,0,0,100.45466986113651,Celeron,1,1000,0,2,Windows
165,MSI,Gaming,2.8,16,Nvidia,2.4,1799.0,0,1,141.21199808219862,Core i7,4,1000,256,4,Windows
166,Acer,Notebook,1.1,4,Intel,2.1,363.51,0,0,100.45466986113651,Pentium,1,1000,0,2,Windows
167,Dell,Gaming,2.8,8,Nvidia,2.56,1060.49,0,0,141.21199808219862,Core i7,4,1000,128,3,Windows
168,Acer,Notebook,1.6,8,Nvidia,3.0,854.0,0,1,127.33567457123111,Core i5,3,0,256,2,Windows
169,HP,Notebook,1.6,4,Intel,1.49,754.0,0,1,165.6321180513006,Core i5,3,500,0,2,Windows
170,Huawei,Ultrabook,2.5,8,Intel,1.05,1349.0,0,1,199.69207064108247,Core i5,3,0,256,2,Windows
171,HP,Notebook,2.5,6,AMD,2.71,699.0,0,1,127.33567457123111,Core i5,3,2000,0,2,Windows
172,Lenovo,Notebook,2.9,4,AMD,2.2,309.0,0,0,100.45466986113651,A6-Series,1,500,0,2,Other
173,Toshiba,Notebook,2.4,4,Intel,2.0,489.0,0,0,100.45466986113651,Core i3,2,500,0,2,Windows
174,HP,Notebook,1.6,8,Nvidia,2.5,923.0,0,0,127.33567457123111,Core i5,3,0,256,2,Windows
175,Dell,Notebook,2.4,8,Intel,2.3,459.0,0,0,100.45466986113651,Core i3,2,1000,0,2,Windows
176,Acer,Notebook,2.0,4,Intel,2.1,449.0,0,0,100.45466986113651,Core i3,2,0,128,2,Windows
177,MSI,Gaming,2.9,32,Nvidia,4.4,2799.0,0,0,119.7232157653423,Core i7,4,1000,512,2,Windows
178,Lenovo,Notebook,2.5,8,AMD,1.9,813.0,0,0,141.21199808219862,Core i5,3,1000,128,2,Windows
179,HP,2 in 1 Convertible,1.6,8,Intel,1.29,1499.0,1,1,331.2642361026012,Core i5,3,0,256,2,Windows
180,Dell,Notebook,1.8,16,AMD,2.02,1049.0,0,0,141.21199808219862,Core i7,4,2000,256,2,Other
181,Dell,Ultrabook,1.6,8,Intel,1.23,1399.0,0,0,165.6321180513006,Core i5,3,0,256,2,Windows
182,Lenovo,2 in 1 Convertible,1.8,16,Intel,1.4,1849.0,1,1,316.96506044349616,Core i7,4,0,512,2,Windows
183,Toshiba,Notebook,2.5,8,Intel,2.0,793.0,0,0,100.45466986113651,Core i5,3,0,128,2,Windows
184,Xiaomi,Notebook,1.6,8,Nvidia,1.95,1199.0,0,1,141.21199808219862,Core i5,3,0,256,2,Other
185,Dell,Notebook,1.8,16,Nvidia,2.77,1549.0,1,0,127.33567457123111,Core i7,4,0,512,2,Windows
186,Dell,Notebook,2.8,16,Nvidia,2.06,2397.0,1,0,282.42399616439724,Core i7,4,0,512,3,Windows
187,Lenovo,Gaming,2.5,8,Nvidia,2.4,779.0,0,1,141.21199808219862,Core i5,3,0,256,3,Other
188,Acer,Ultrabook,1.2,8,Intel,1.12,989.0,0,1,165.6321180513006,Core i5,3,0,256,2,Windows
189,Dell,Notebook,1.8,8,AMD,2.8,1085.0,0,0,127.33567457123111,Core i7,4,1000,128,2,Windows
190,Lenovo,2 in 1 Convertible,2.7,16,Intel,1.42,2824.0,1,0,209.8006828649808,Core i7,4,0,1000,2,Windows
191,Vero,Notebook,1.1,4,Intel,1.3,260.0,0,1,157.3505121487356,Celeron,1,0,0,2,Windows
192,Xiaomi,Ultrabook,2.5,8,Nvidia,1.3,999.9,0,1,165.6321180513006,Core i5,3,0,256,2,Other
193,Lenovo,Notebook,1.6,8,Nvidia,2.8,698.0,0,0,106.11306214269258,Core i5,3,0,256,2,Other
194,Dell,2 in 1 Convertible,1.8,8,Intel,1.62,839.0,1,1,165.6321180513006,Core i7,4,1000,0,2,Windows
195,HP,Notebook,1.6,8,Nvidia,2.5,914.0,0,1,127.33567457123111,Core i5,3,1000,0,2,Windows
196,Razer,Gaming,2.9,32,Nvidia,3.49,6099.0,1,0,254.67134914246222,Core i7,4,0,1000,4,Windows
197,HP,Notebook,1.6,8,Intel,1.49,959.0,0,0,165.6321180513006,Core i5,3,0,512,2,Windows
198,HP,Gaming,2.8,16,Nvidia,3.35,1379.0,0,1,127.33567457123111,Core i7,4,1000,256,3,Windows
199,HP,Notebook,1.8,8,Nvidia,2.5,1045.0,0,0,127.33567457123111,Core i7,4,0,256,2,Windows
200,Dell,Gaming,2.8,16,Nvidia,2.65,1845.0,0,1,282.42399616439724,Core i7,4,1000,512,4,Windows
201,Lenovo,Notebook,2.3,4,Intel,2.1,493.0,0,0,100.45466986113651,Core i5,3,0,128,2,Windows
202,Acer,Notebook,2.7,8,Nvidia,2.23,742.0,0,0,141.21199808219862,Core i7,4,1000,0,2,Windows
203,Lenovo,Gaming,2.8,16,Nvidia,3.2,1749.0,0,1,141.21199808219862,Core i7,4,1000,512,4,Windows
204,Dell,Workstation,3.0,16,Nvidia,2.8,3055.0,0,0,282.42399616439724,Xeon,4,1000,256,2,Windows
205,Lenovo,Gaming,2.8,16,Nvidia,2.4,1398.0,0,0,141.21199808219862,Core i7,4,0,512,4,Other
206,Dell,Notebook,2.4,6,Intel,2.3,439.0,1,0,100.45466986113651,Core i3,2,1000,0,2,Windows
207,Dell,Ultrabook,1.8,8,Intel,1.21,1949.0,1,1,331.2642361026012,Core i7,4,0,256,2,Windows
208,Dell,Ultrabook,1.8,8,Intel,1.2,1449.0,0,0,165.6321180513006,Core i7,4,0,256,2,Windows
209,Lenovo,Notebook,2.5,8,Intel,2.2,597.0,0,0,100.45466986113651,Core i5,3,0,256,2,Windows
210,Acer,Notebook,2.8,8,Nvidia,2.4,779.0,0,0,141.21199808219862,Core i7,4,1000,0,3,Other
211,Asus,Gaming,2.8,16,Nvidia,2.9,1407.0,0,0,127.33567457123111,Core i7,4,1000,256,3,Windows
212,HP,Notebook,2.0,4,Intel,2.1,349.0,0,0,141.21199808219862,Core i3,2,500,0,2,Other
213,Lenovo,Notebook,2.5,8,Intel,2.2,549.0,0,0,141.21199808219862,Core i5,3,0,256,2,Other
214,Huawei,Ultrabook,2.7,8,Intel,1.05,1499.0,0,1,199.69207064108247,Core i7,4,0,512,2,Windows
215,Dell,Ultrabook,1.8,8,AMD,1.4,931.88,0,1,165.6321180513006,Core i7,4,0,256,2,Windows
216,Lenovo,Notebook,2.5,8,Nvidia,2.8,589.0,0,0,106.11306214269258,Core i5,3,1000,0,2,Other
217,HP,Notebook,1.8,8,Nvidia,1.63,1031.0,0,0,157.3505121487356,Core i7,4,0,256,2,Windows
218,Dell,Ultrabook,1.6,8,Intel,1.6,1149.0,0,0,157.3505121487356,Core i5,3,0,256,2,Windows
219,Dell,2 in 1 Convertible,1.8,16,Intel,1.62,1279.0,1,0,165.6321180513006,Core i7,4,0,512,2,Windows
220,Dell,Notebook,1.6,8,AMD,2.2,677.35,0,0,141.21199808219862,Core i5,3,0,256,2,Other
221,Lenovo,2 in 1 Convertible,1.6,8,Intel,1.74,899.0,0,1,157.3505121487356,Core i5,3,0,256,2,Windows
222,Toshiba,Ultrabook,2.5,8,Intel,1.2,1363.0,0,0,165.6321180513006,Core i7,4,0,256,2,Windows
223,HP,Notebook,1.6,8,Intel,2.1,794.0,0,0,141.21199808219862,Core i5,3,1000,0,2,Windows
224,Dell,Gaming,2.8,16,Nvidia,4.42,2456.34,0,1,127.33567457123111,Core i7,4,1000,256,4,Windows
225,Acer,Notebook,2.7,8,Nvidia,2.2,832.0,0,0,141.21199808219862,Core i7,4,0,256,2,Windows
226,Dell,Notebook,2.7,16,AMD,2.3,859.01,1,0,141.21199808219862,Core i7,4,1000,0,2,Windows
227,Asus,Notebook,2.5,8,Nvidia,2.0,769.0,0,0,141.21199808219862,Core i5,3,0,256,2,Windows
228,Asus,Notebook,2.5,8,Nvidia,2.69,891.0,0,0,127.33567457123111,Core i5,3,500,256,3,Windows
229,HP,Notebook,2.7,8,AMD,1.9,1269.0,0,0,141.21199808219862,Core i7,4,1000,0,2,Windows
230,Asus,Notebook,2.4,4,Intel,2.37,398.99,0,0,100.45466986113651,Core i3,2,1000,0,2,Windows
231,HP,Notebook,1.5,4,AMD,2.1,330.0,0,0,100.45466986113651,E-Series,1,500,0,2,Windows
232,Lenovo,Gaming,2.8,16,Nvidia,3.2,1499.0,0,1,141.21199808219862,Core i7,4,1000,256,4,Windows
233,Dell,Notebook,2.5,8,Intel,1.6,859.0,0,0,157.3505121487356,Core i5,3,0,256,2,Windows
234,Acer,2 in 1 Convertible,2.3,8,Intel,1.6,689.0,1,1,165.6321180513006,Core i5,3,0,256,2,Windows
235,Dell,Notebook,2.7,16,AMD,2.36,899.0,0,0,141.21199808219862,Core i7,4,0,256,2,Other
236,Acer,Notebook,2.0,4,Intel,2.1,390.0,0,0,100.45466986113651,Core i3,2,1000,0,2,Other
237,Asus,Notebook,2.5,4,AMD,2.2,575.0,0,0,141.21199808219862,A10-Series,1,1000,128,2,Windows
238,Asus,Gaming,2.9,32,Nvidia,4.7,3890.0,0,0,127.33567457123111,Core i7,4,1000,512,4,Windows
239,Acer,Gaming,2.5,8,Nvidia,2.5,846.0,0,1,141.21199808219862,Core i5,3,0,256,3,Windows
240,Lenovo,Notebook,2.0,8,Intel,2.2,589.0,0,0,100.45466986113651,Core i3,2,0,128,2,Windows
241,Asus,Notebook,1.8,8,Nvidia,2.1,1145.0,0,0,127.33567457123111,Core i7,4,1000,128,2,Windows
242,Asus,Notebook,2.7,8,Nvidia,2.69,889.0,0,0,127.33567457123111,Core i7,4,1000,128,3,Other
243,Dell,Gaming,2.5,8,Nvidia,2.56,879.0,0,0,141.21199808219862,Core i5,3,0,256,3,Windows
244,Lenovo,2 in 1 Convertible,2.7,8,Intel,1.38,1079.0,1,1,158.48253022174808,Core i7,4,0,256,2,Windows
245,Dell,Notebook,1.8,8,AMD,2.2,985.0,0,0,141.21199808219862,Core i7,4,2000,128,2,Windows
246,HP,Notebook,2.5,8,Intel,2.04,559.0,1,0,100.45466986113651,Core i5,3,1000,0,2,Windows
247,Asus,Gaming,2.9,16,Nvidia,3.6,2999.0,0,0,127.33567457123111,Core i7,4,0,256,4,Windows
248,HP,Notebook,1.6,4,Intel,1.49,675.0,0,1,165.6321180513006,Core i5,3,500,0,2,Windows
249,Apple,Ultrabook,3.1,8,Intel,1.37,2040.0,0,1,226.98300468106115,Core i5,3,0,512,2,Mac
250,Dell,2 in 1 Convertible,1.8,8,Intel,2.08,819.0,1,1,141.21199808219862,Core i7,4,1000,0,2,Windows
251,Asus,Gaming,2.8,16,Nvidia,4.3,1799.0,0,0,127.33567457123111,Core i7,4,1000,256,2,Windows
252,Asus,Notebook,3.0,4,AMD,1.68,469.0,0,0,100.45466986113651,A9-Series,1,1000,0,2,Windows
253,Lenovo,2 in 1 Convertible,1.8,8,Intel,1.37,1849.0,1,1,158.48253022174808,Core i7,4,0,512,2,Windows
254,Acer,Notebook,2.7,4,Nvidia,3.0,702.0,0,1,127.33567457123111,Core i3,2,0,256,2,Windows
255,Dell,Ultrabook,1.6,8,Intel,1.41,949.0,0,0,165.6321180513006,Core i5,3,0,256,2,Windows
256,HP,Notebook,2.5,8,AMD,1.91,445.9,0,0,100.45466986113651,A6-Series,1,0,128,2,Windows
257,HP,Notebook,1.8,16,Nvidia,2.9,1059.0,0,1,127.33567457123111,Core i7,4,1000,0,2,Windows
258,MSI,Gaming,2.8,16,Nvidia,4.14,2499.0,0,0,127.33567457123111,Core i7,4,1000,512,4,Windows
259,Lenovo,2 in 1 Convertible,2.8,8,Nvidia,2.0,1699.0,1,1,141.21199808219862,Core i7,4,0,512,3,Windows
260,Dell,Notebook,1.8,8,AMD,2.8,1142.0,0,0,127.33567457123111,Core i7,4,1000,128,2,Windows
261,Lenovo,Notebook,2.0,4,Intel,2.2,444.0,0,0,141.21199808219862,Core i3,2,0,256,2,Other
262,HP,Notebook,1.6,4,Intel,2.1,722.0,0,1,141.21199808219862,Core i5,3,500,0,2,Windows
263,Dell,Notebook,2.5,4,Intel,2.18,657.0,0,0,141.21199808219862,Core i5,3,1000,0,2,Windows
264,Dell,Notebook,2.5,8,AMD,2.24,565.0,0,0,141.21199808219862,Core i5,3,1000,0,2,Windows
265,Dell,2 in 1 Convertible,1.6,8,Intel,2.67,799.0,1,0,141.21199808219862,Core i5,3,0,256,2,Windows
266,Asus,2 in 1 Convertible,1.8,8,Intel,1.1,1499.0,1,0,165.6321180513006,Core i7,4,0,1024,2,Windows
267,Lenovo,Notebook,2.5,4,Intel,2.2,467.0,0,0,141.21199808219862,Core i5,3,1000,0,2,Other
268,HP,Notebook,1.8,8,Nvidia,2.5,1018.0,0,0,127.33567457123111,Core i7,4,1000,0,2,Windows
269,Lenovo,Notebook,1.8,8,Intel,2.05,880.0,0,0,141.21199808219862,Core i7,4,0,256,2,Windows
270,Apple,Ultrabook,2.9,8,Intel,1.37,1958.9,0,1,226.98300468106115,Core i5,3,0,512,2,Mac
271,Asus,Gaming,3.0,16,AMD,3.2,1549.0,0,0,127.33567457123111,Ryzen,2,1000,256,2,Windows
272,Dell,Notebook,1.8,8,AMD,2.14,735.07,0,0,141.21199808219862,Core i7,4,0,256,2,Other
273,Lenovo,2 in 1 Convertible,2.6,16,Intel,1.36,2499.0,1,0,209.8006828649808,Core i7,4,0,512,2,Windows
274,Toshiba,Notebook,2.5,8,Nvidia,2.2,812.0,0,0,100.45466986113651,Core i7,4,500,0,2,Windows
275,Dell,Notebook,2.7,12,Intel,2.3,713.07,0,0,100.45466986113651,Core i7,4,1000,0,2,Windows
276,Dell,Notebook,1.8,8,AMD,2.8,1099.0,0,0,127.33567457123111,Core i7,4,1000,128,2,Other
277,Acer,Notebook,1.8,8,Nvidia,2.2,745.0,0,1,141.21199808219862,Core i7,4,1000,0,2,Windows
278,Lenovo,Notebook,2.0,4,Intel,2.8,489.0,0,0,106.11306214269258,Core i3,2,1000,0,2,Windows
279,Lenovo,Notebook,1.8,8,Nvidia,2.8,849.0,0,0,127.33567457123111,Core i7,4,2000,0,2,Other
280,Lenovo,Notebook,2.7,6,Nvidia,2.8,859.0,0,0,106.11306214269258,Core i7,4,1000,128,2,Windows
281,Dell,Notebook,2.0,4,AMD,2.25,428.0,0,0,141.21199808219862,Core i3,2,1000,0,2,Other
282,Lenovo,Gaming,2.5,8,Nvidia,2.5,829.0,0,1,141.21199808219862,Core i5,3,0,256,3,Windows
283,Lenovo,Notebook,2.5,6,Intel,2.2,579.0,0,0,141.21199808219862,Core i5,3,0,256,2,Windows
284,Acer,Notebook,1.8,8,Nvidia,3.0,951.0,0,1,141.21199808219862,Core i7,4,0,256,2,Windows
285,Acer,Notebook,2.7,12,Intel,2.15,659.0,1,1,141.21199808219862,Core i7,4,1000,0,2,Windows
286,Lenovo,Notebook,2.7,8,Intel,1.95,1097.0,0,1,141.21199808219862,Core i7,4,0,256,2,Windows
287,Asus,Ultrabook,2.5,8,Nvidia,1.7,977.0,0,0,141.21199808219862,Core i5,3,0,256,2,Windows
288,Lenovo,Gaming,2.8,16,Nvidia,2.5,1179.0,0,1,141.21199808219862,Core i7,4,1000,256,3,Windows
289,Lenovo,Notebook,2.7,8,Nvidia,2.2,659.01,0,0,141.21199808219862,Core i7,4,1000,0,2,Other
290,Acer,Notebook,1.5,2,Intel,2.19,199.0,0,0,100.45466986113651,Celeron,1,0,16,2,Other
291,Asus,Gaming,2.8,8,Nvidia,3.0,1187.0,0,0,127.33567457123111,Core i7,4,1000,0,3,Windows
292,HP,Notebook,2.0,8,Intel,2.54,489.0,0,0,106.11306214269258,Core i3,2,1000,0,2,Windows
293,Dell,Notebook,2.8,8,Nvidia,2.0,1829.0,0,0,141.21199808219862,Core i7,4,0,256,3,Windows
294,Lenovo,Notebook,1.6,8,Intel,2.05,739.0,0,0,141.21199808219862,Core i5,3,0,256,2,Windows
295,Lenovo,Gaming,2.8,8,Nvidia,3.2,1299.0,0,1,141.21199808219862,Core i7,4,1000,0,4,Windows
296,Acer,Notebook,2.8,8,Nvidia,2.5,979.0,0,0,141.21199808219862,Core i7,4,0,256,3,Other
297,Dell,Workstation,2.9,16,Nvidia,3.42,2884.86,0,0,127.33567457123111,Core i7,4,0,256,2,Windows
298,Lenovo,Notebook,2.4,6,AMD,2.4,499.0,0,0,141.21199808219862,A10-Series,1,1000,0,2,Windows
299,Asus,Ultrabook,2.7,16,Nvidia,1.63,1468.0,0,0,141.21199808219862,Core i7,4,0,512,2,Windows
300,Asus,Notebook,2.4,4,Intel,1.3,509.0,0,0,111.93520355955211,Core i3,2,0,128,2,Windows
301,Asus,Gaming,2.8,16,Nvidia,2.9,2122.0,0,0,127.33567457123111,Core i7,4,1000,256,4,Windows
302,Lenovo,Notebook,2.5,6,Nvidia,2.8,649.0,0,0,106.11306214269258,Core i5,3,1000,0,2,Windows
303,Lenovo,Notebook,2.5,8,Nvidia,2.2,549.0,0,0,100.45466986113651,Core i5,3,2000,0,2,Other
304,Asus,Gaming,2.8,8,Nvidia,2.5,1265.0,0,0,141.21199808219862,Core i7,4,1000,128,3,Windows
305,Lenovo,Notebook,1.1,4,Intel,2.2,359.99,0,0,100.45466986113651,Pentium,1,1000,0,2,Other
306,HP,2 in 1 Convertible,2.8,16,Intel,1.28,1975.0,1,0,165.6321180513006,Core i7,4,0,256,2,Windows
307,Toshiba,Notebook,2.5,8,Nvidia,2.2,1043.0,0,1,141.21199808219862,Core i7,4,0,256,2,Windows
308,Lenovo,Notebook,2.5,8,Nvidia,2.3,819.0,0,0,141.21199808219862,Core i5,3,1000,128,2,Windows
309,HP,Notebook,2.0,4,Intel,1.86,469.0,0,0,141.21199808219862,Core i3,2,1000,0,2,Windows
310,Lenovo,Notebook,2.5,8,Intel,1.1,999.0,0,1,165.6321180513006,Core i5,3,0,256,2,Windows
311,Dell,Ultrabook,1.8,16,Intel,1.21,2499.0,1,1,331.2642361026012,Core i7,4,0,1000,2,Windows
312,MSI,Gaming,2.8,16,Nvidia,2.8,2099.0,0,1,141.21199808219862,Core i7,4,1000,256,4,Windows
313,Acer,Notebook,2.2,8,AMD,2.23,469.0,0,0,141.21199808219862,A8-Series,1,0,256,2,Windows
314,Asus,2 in 1 Convertible,1.1,2,Intel,1.1,275.0,1,0,135.0942111925629,Celeron,1,0,0,2,Windows
315,Dell,Notebook,1.6,8,AMD,2.33,844.0,0,0,141.21199808219862,Core i5,3,1000,128,2,Windows
316,HP,2 in 1 Convertible,1.8,16,Intel,1.29,2449.0,1,1,331.2642361026012,Core i7,4,0,1000,2,Windows
317,Lenovo,Notebook,1.6,4,Intel,1.45,459.9,0,0,117.82653006268643,Celeron,1,0,0,2,Other
318,HP,Notebook,2.5,8,Intel,1.95,980.0,0,0,157.3505121487356,Core i5,3,0,256,2,Windows
319,Acer,Notebook,1.6,4,Intel,1.4,485.0,0,0,135.0942111925629,Pentium,1,0,0,2,Windows
320,HP,Notebook,2.7,8,Intel,1.48,1292.0,0,0,157.3505121487356,Core i7,4,0,256,2,Windows
321,Lenovo,Notebook,2.5,4,Nvidia,2.79,589.0,0,0,106.11306214269258,Core i5,3,1000,0,2,Windows
322,Asus,Notebook,2.7,8,Intel,2.0,1094.0,0,0,157.3505121487356,Core i7,4,0,256,2,Windows
323,HP,Notebook,1.8,8,Intel,2.1,902.0,0,1,100.45466986113651,Core i7,4,1000,0,2,Windows
324,Acer,Notebook,2.7,8,AMD,2.2,659.0,0,0,100.45466986113651,A12-Series,1,0,256,2,Windows
325,Lenovo,Notebook,1.1,4,Intel,1.44,292.0,0,0,111.93520355955211,Celeron,1,0,0,2,Windows
326,Acer,Notebook,2.5,6,Intel,2.23,549.0,0,0,100.45466986113651,Core i5,3,1000,0,2,Windows
327,Asus,Ultrabook,2.7,8,Nvidia,1.7,1049.9,0,0,141.21199808219862,Core i7,4,0,256,2,Windows
328,HP,Ultrabook,2.7,8,Intel,1.26,1335.0,0,0,176.23257360658386,Core i7,4,0,256,2,Windows
329,Dell,Notebook,2.8,32,Nvidia,2.06,2639.0,1,0,282.42399616439724,Core i7,4,0,1000,3,Windows
330,MSI,Gaming,2.8,8,Nvidia,2.7,1199.0,0,0,127.33567457123111,Core i7,4,1000,256,3,Windows
331,Toshiba,Notebook,2.5,8,Intel,2.0,943.0,0,1,141.21199808219862,Core i5,3,0,256,2,Windows
332,Asus,Notebook,2.7,8,Intel,2.0,1334.0,0,0,157.3505121487356,Core i7,4,1000,256,2,Windows
333,Lenovo,Notebook,2.0,4,Intel,1.85,449.0,0,0,141.21199808219862,Core i3,2,1000,0,2,Windows
334,Asus,Gaming,2.8,8,Nvidia,2.5,999.0,0,0,141.21199808219862,Core i7,4,0,256,3,Windows
335,HP,Notebook,2.6,8,Intel,1.48,1268.0,0,0,157.3505121487356,Core i5,3,0,256,2,Windows
336,Dell,Ultrabook,1.6,8,Nvidia,1.9,1049.0,0,1,141.21199808219862,Core i5,3,1000,128,2,Windows
337,HP,Notebook,2.5,8,Intel,1.84,1144.0,0,0,141.21199808219862,Core i5,3,0,256,2,Windows
338,Asus,Notebook,1.1,4,Intel,2.0,274.99,0,0,100.45466986113651,Celeron,1,1000,0,2,Other
339,Dell,Notebook,1.6,8,Nvidia,2.0,1142.75,0,0,141.21199808219862,Core i5,3,0,256,2,Windows
340,Dell,Notebook,1.6,4,Intel,2.2,274.9,0,0,100.45466986113651,Celeron,1,500,0,2,Other
341,Lenovo,Notebook,3.6,12,AMD,2.2,899.0,0,0,141.21199808219862,A12-Series,1,2000,0,2,Windows
342,HP,Notebook,2.4,8,Nvidia,2.1,716.0,0,1,141.21199808219862,Core i3,2,1000,0,2,Windows
343,Lenovo,2 in 1 Convertible,1.8,16,Intel,1.4,2099.0,1,1,316.96506044349616,Core i7,4,0,512,2,Windows
344,Dell,Ultrabook,1.8,8,Intel,1.2,1579.0,0,0,165.6321180513006,Core i7,4,0,256,2,Windows
345,Lenovo,Gaming,2.8,16,Nvidia,2.4,1129.0,0,1,141.21199808219862,Core i7,4,2000,256,3,Windows
346,HP,Notebook,1.6,2,Intel,1.44,279.0,0,0,111.93520355955211,Celeron,1,0,0,2,Windows
347,Dell,Ultrabook,1.9,16,Intel,1.88,1607.96,0,0,141.21199808219862,Core i7,4,0,768,2,Windows
348,Asus,2 in 1 Convertible,1.1,4,Intel,1.5,375.0,1,0,135.0942111925629,Celeron,1,0,0,2,Windows
349,Dell,Ultrabook,1.6,8,AMD,1.9,663.0,0,0,141.21199808219862,Core i5,3,1000,0,2,Windows
350,Dell,Notebook,2.8,16,Nvidia,2.06,2027.42,1,0,282.42399616439724,Core i7,4,0,512,3,Windows
351,HP,Notebook,2.7,8,Intel,1.84,1304.0,0,0,141.21199808219862,Core i7,4,0,256,2,Windows
352,MSI,Gaming,2.8,8,Nvidia,2.7,1409.0,0,0,127.33567457123111,Core i7,4,1000,128,4,Windows
353,HP,Workstation,2.8,8,Nvidia,2.6,1738.27,0,0,141.21199808219862,Core i7,4,0,256,2,Windows
354,Toshiba,Notebook,2.5,16,Nvidia,2.4,1403.0,0,1,141.21199808219862,Core i7,4,0,512,2,Windows
355,Dell,Notebook,1.8,8,AMD,2.02,970.9,0,0,141.21199808219862,Core i7,4,2000,128,2,Windows
356,Lenovo,Notebook,1.1,4,Intel,2.2,321.99,0,0,100.45466986113651,Celeron,1,1000,0,2,Other
357,Dell,Gaming,2.5,8,Nvidia,2.65,999.0,0,0,141.21199808219862,Core i5,3,1000,0,3,Windows
358,Dell,Notebook,2.5,8,Intel,2.36,557.37,1,0,100.45466986113651,Core i5,3,2000,0,2,Windows
359,Dell,Notebook,2.6,8,Intel,1.36,1427.0,0,0,157.3505121487356,Core i5,3,0,256,2,Windows
360,HP,Notebook,2.0,4,Intel,1.86,439.0,0,0,100.45466986113651,Core i3,2,500,0,2,Windows
361,Asus,Notebook,2.5,8,Intel,2.0,945.0,0,0,157.3505121487356,Core i5,3,0,256,2,Windows
362,Lenovo,Notebook,2.5,6,Nvidia,2.8,719.0,0,0,106.11306214269258,Core i5,3,1000,128,2,Windows
363,HP,Notebook,2.5,8,Intel,1.86,639.0,0,0,141.21199808219862,Core i5,3,1000,0,2,Windows
364,Lenovo,Notebook,2.0,8,Nvidia,2.2,499.0,0,0,100.45466986113651,Core i3,2,0,256,2,Other
365,HP,Notebook,1.6,8,Intel,2.04,389.0,0,0,100.45466986113651,Pentium,1,2000,0,2,Windows
366,Dell,Notebook,1.6,8,AMD,2.8,1085.0,0,0,127.33567457123111,Core i5,3,1000,128,2,Windows
367,Lenovo,Gaming,2.5,8,Nvidia,2.4,809.0,0,1,141.21199808219862,Core i5,3,1000,128,3,Other
368,Dell,Notebook,2.7,8,AMD,2.33,899.0,0,0,141.21199808219862,Core i7,4,0,256,2,Windows
369,HP,Ultrabook,2.7,8,Intel,1.36,1750.0,0,1,157.3505121487356,Core i7,4,0,256,2,Windows
370,Asus,2 in 1 Convertible,2.7,12,Nvidia,2.26,1099.0,1,0,141.21199808219862,Core i7,4,2000,512,2,Windows
371,Acer,Notebook,3.0,4,AMD,2.1,426.0,0,0,100.45466986113651,A9-Series,1,0,128,2,Windows
372,Asus,Gaming,3.0,16,AMD,3.25,2199.0,0,1,127.33567457123111,Ryzen,2,1000,256,2,Windows
373,Lenovo,Notebook,2.2,4,AMD,2.6,489.0,0,0,106.11306214269258,A8-Series,1,0,128,2,Windows
374,Dell,2 in 1 Convertible,1.8,8,Intel,1.62,869.01,1,0,165.6321180513006,Core i7,4,0,256,2,Windows
375,HP,Notebook,3.0,4,AMD,1.91,488.99,0,0,141.21199808219862,A9-Series,1,0,256,2,Windows
376,Lenovo,Netbook,1.1,4,Intel,1.59,553.0,0,1,135.0942111925629,Celeron,1,0,128,2,Windows
377,Dell,Notebook,1.6,4,Intel,1.8,309.0,0,0,100.45466986113651,Celeron,1,500,0,2,Windows
378,Asus,Notebook,1.1,4,Intel,1.5,286.0,0,0,111.93520355955211,Celeron,1,0,0,2,Windows
379,Acer,Notebook,2.8,8,Nvidia,2.4,846.0,0,0,141.21199808219862,Core i7,4,1000,0,3,Other
380,HP,Gaming,2.8,8,Nvidia,3.35,1191.0,0,1,127.33567457123111,Core i7,4,1000,128,3,Windows
381,Lenovo,Notebook,2.0,4,Intel,1.85,403.5,0,0,141.21199808219862,Core i3,2,0,128,2,Other
382,Asus,Gaming,2.8,8,Nvidia,2.3,1655.0,0,1,141.21199808219862,Core i7,4,1000,128,4,Windows
383,Lenovo,Notebook,2.5,8,Nvidia,1.5,1099.0,0,1,157.3505121487356,Core i5,3,0,256,2,Windows
384,Asus,Ultrabook,2.7,16,Intel,1.1,1748.9,1,0,165.6321180513006,Core i7,4,0,512,2,Windows
385,Lenovo,Ultrabook,2.7,8,Intel,1.13,2282.0,0,1,209.8006828649808,Core i7,4,0,512,2,Windows
386,Lenovo,Notebook,2.4,4,Intel,1.5,549.0,0,1,165.6321180513006,Core i3,2,0,128,2,Windows
387,Dell,Workstation,2.6,8,AMD,2.23,1369.0,0,0,141.21199808219862,Core i5,3,500,0,2,Windows
388,Dell,Workstation,2.7,8,Nvidia,2.0,2135.0,0,1,141.21199808219862,Core i7,4,0,256,2,Windows
389,Lenovo,2 in 1 Convertible,2.7,16,Intel,1.42,2509.0,1,0,209.8006828649808,Core i7,4,0,512,2,Windows
390,Asus,Gaming,2.8,8,Nvidia,3.0,1039.0,0,0,127.33567457123111,Core i7,4,1000,0,3,Windows
391,Asus,Gaming,2.8,16,Nvidia,3.0,1591.0,0,0,127.33567457123111,Core i7,4,1000,256,3,Windows
392,Acer,Notebook,1.6,12,Nvidia,2.2,693.99,0,1,100.45466986113651,Core i5,3,1000,0,2,Windows
393,MSI,Gaming,2.8,8,Nvidia,2.7,1349.0,0,0,127.33567457123111,Core i7,4,0,256,3,Windows
394,Dell,Notebook,2.7,8,AMD,2.33,778.87,0,0,141.21199808219862,Core i7,4,0,256,2,Other
395,HP,Ultrabook,3.0,4,AMD,1.91,499.0,0,0,141.21199808219862,A9-Series,1,0,256,2,Windows
396,Lenovo,Notebook,1.8,8,AMD,2.1,1229.56,0,1,141.21199808219862,Core i7,4,0,256,2,Windows
397,Lenovo,Notebook,2.5,8,Intel,1.9,938.0,0,1,157.3505121487356,Core i5,3,0,256,2,Windows
398,Dell,Workstation,2.8,8,Nvidia,1.78,2712.0,1,0,282.42399616439724,Core i7,4,0,256,2,Windows
399,Lenovo,Ultrabook,2.7,16,Intel,1.13,2625.0,0,1,209.8006828649808,Core i7,4,0,1000,2,Windows
400,Lenovo,Notebook,1.1,4,Intel,2.2,306.0,0,0,100.45466986113651,Celeron,1,1000,0,2,Windows
401,Asus,Gaming,2.8,16,Nvidia,2.9,1529.0,0,0,127.33567457123111,Core i7,4,1000,256,3,Windows
402,Lenovo,Notebook,1.6,8,AMD,2.1,1144.5,0,1,141.21199808219862,Core i5,3,1000,256,2,Windows
403,Acer,Notebook,2.8,8,Nvidia,2.5,879.0,0,0,141.21199808219862,Core i7,4,0,256,3,Other
404,MSI,Gaming,2.8,16,Nvidia,2.8,2249.0,0,0,127.33567457123111,Core i7,4,1000,256,4,Windows
405,Asus,Ultrabook,2.7,8,Intel,1.1,1873.0,0,0,157.3505121487356,Core i7,4,0,512,2,Windows
406,Toshiba,Ultrabook,2.5,16,Intel,1.2,1747.0,0,0,165.6321180513006,Core i7,4,0,512,2,Windows
407,Dell,Ultrabook,2.8,8,Intel,1.36,1680.0,0,0,157.3505121487356,Core i7,4,0,512,2,Windows
408,Lenovo,Notebook,2.0,4,Intel,2.2,409.0,0,0,141.21199808219862,Core i3,2,500,0,2,Windows
409,Lenovo,Notebook,1.1,2,Intel,1.15,304.45,0,0,135.0942111925629,Celeron,1,0,0,2,Windows
410,Lenovo,Workstation,2.8,8,Nvidia,2.67,1925.0,0,0,141.21199808219862,Core i7,4,0,512,2,Windows
411,Lenovo,Ultrabook,2.8,8,Nvidia,1.7,1943.0,0,1,209.8006828649808,Core i7,4,0,512,2,Windows
412,HP,Notebook,2.0,4,AMD,2.1,469.0,0,0,141.21199808219862,Core i3,2,1000,0,2,Windows
413,Acer,2 in 1 Convertible,2.5,8,Intel,1.6,789.01,1,1,165.6321180513006,Core i7,4,0,256,2,Windows
414,Asus,2 in 1 Convertible,2.5,8,Intel,1.27,928.0,1,1,165.6321180513006,Core i5,3,0,256,2,Windows
415,Dell,Notebook,2.5,4,AMD,2.3,598.9,0,0,141.21199808219862,Core i5,3,0,256,2,Other
416,Dell,Notebook,2.0,4,Intel,1.65,689.0,0,0,117.82653006268643,Core i3,2,0,128,2,Windows
417,HP,Ultrabook,2.5,8,Intel,1.43,1500.0,0,0,157.3505121487356,Core i7,4,0,256,2,Windows
418,Dell,Notebook,2.5,8,Intel,2.14,539.95,0,0,100.45466986113651,Core i5,3,1000,0,2,Windows
419,Lenovo,Ultrabook,1.8,8,AMD,1.75,1215.38,0,1,157.3505121487356,Core i7,4,0,256,2,Windows
420,Lenovo,2 in 1 Convertible,2.8,16,Nvidia,2.0,1899.0,1,1,282.42399616439724,Core i7,4,0,512,3,Windows
421,Chuwi,Notebook,1.1,6,Intel,1.4,449.0,0,1,267.3384360344031,Celeron,1,0,0,2,Windows
422,HP,Notebook,2.9,8,Intel,2.31,1427.0,0,0,141.21199808219862,Core i7,4,0,256,2,Windows
423,Asus,Notebook,2.4,8,Nvidia,2.3,597.0,0,0,141.21199808219862,Core i3,2,1000,0,2,Other
424,Dell,Gaming,2.9,16,Nvidia,4.42,2799.0,0,1,169.78089942830815,Core i7,4,1000,256,4,Windows
425,Dell,Gaming,2.8,8,Nvidia,2.62,1159.0,0,1,141.21199808219862,Core i7,4,1000,128,3,Windows
426,Dell,Notebook,1.8,8,AMD,2.02,1142.4,0,0,141.21199808219862,Core i7,4,2000,256,2,Windows
427,Dell,Ultrabook,2.8,8,Intel,1.6,1099.0,0,0,157.3505121487356,Core i7,4,0,256,2,Other
428,HP,Gaming,2.8,12,Nvidia,3.35,1999.0,0,0,127.33567457123111,Core i7,4,1000,256,4,Windows
429,Mediacom,2 in 1 Convertible,1.1,4,Intel,1.16,299.0,1,1,189.90579052433606,Celeron,1,0,32,2,Windows
430,Samsung,Netbook,1.6,4,Intel,1.15,269.0,0,0,135.0942111925629,Celeron,1,0,0,2,Other
431,Lenovo,Notebook,2.7,8,Intel,1.4,1010.0,0,1,165.6321180513006,Core i7,4,0,256,2,Windows
432,Lenovo,Notebook,2.7,4,Intel,1.7,599.0,0,1,157.3505121487356,Core i3,2,0,128,2,Windows
433,Lenovo,Workstation,2.8,16,Nvidia,2.3,2445.0,0,1,282.42399616439724,Core i7,4,0,512,2,Windows
434,Lenovo,Notebook,2.9,16,Nvidia,2.5,2449.0,0,0,141.21199808219862,Core i7,4,0,512,2,Windows
435,Asus,Gaming,3.2,8,AMD,3.2,1695.0,0,0,127.33567457123111,Ryzen,2,1000,256,2,Windows
436,HP,Notebook,1.6,4,Intel,2.1,347.0,0,0,100.45466986113651,Celeron,1,500,0,2,Windows
437,Google,Ultrabook,1.3,16,Intel,1.1,2199.0,1,0,234.50740003017813,Core i7,4,0,512,2,Other
438,Lenovo,Ultrabook,2.7,24,Intel,1.32,2382.0,0,0,209.8006828649808,Core i7,4,0,512,2,Windows
439,Asus,Notebook,2.5,4,Intel,2.0,559.0,0,0,141.21199808219862,Core i5,3,0,256,2,Other
440,Lenovo,Notebook,2.5,8,AMD,2.8,519.0,0,0,106.11306214269258,A6-Series,1,1000,0,2,Windows
441,Dell,Notebook,1.6,4,AMD,2.2,749.0,0,0,141.21199808219862,Core i5,3,0,256,2,Windows
442,Lenovo,Ultrabook,2.5,8,Intel,1.36,1429.0,0,1,176.23257360658386,Core i5,3,0,256,2,Windows
443,Lenovo,Notebook,1.1,4,Intel,2.2,349.0,0,0,141.21199808219862,Pentium,1,0,128,2,Windows
444,HP,Gaming,2.8,8,Nvidia,2.2,1099.0,0,1,141.21199808219862,Core i7,4,1000,128,3,Windows
445,Dell,Notebook,2.8,8,Nvidia,1.64,1179.0,0,0,157.3505121487356,Core i5,3,0,256,2,Windows
446,Acer,Notebook,2.5,4,Intel,2.4,441.8,0,0,100.45466986113651,Core i5,3,500,0,2,Other
447,Dell,Workstation,3.0,8,Nvidia,2.23,1993.0,0,0,141.21199808219862,Xeon,4,1000,0,2,Windows
448,MSI,Gaming,2.5,8,Nvidia,2.2,1027.74,0,0,141.21199808219862,Core i5,3,0,256,3,Windows
449,Microsoft,Ultrabook,2.5,16,Intel,1.25,2589.0,1,0,200.84255993695703,Core i7,4,0,512,2,Windows
450,HP,Notebook,2.5,8,Intel,1.91,589.0,0,0,100.45466986113651,Core i5,3,0,128,2,Windows
451,Dell,Workstation,2.7,16,Nvidia,2.17,1975.0,0,1,141.21199808219862,Core i7,4,0,256,2,Windows
452,HP,Workstation,2.9,8,Intel,2.31,1534.0,0,1,141.21199808219862,Core i7,4,0,512,2,Windows
453,Lenovo,Notebook,2.5,8,Intel,1.65,1345.0,0,0,157.3505121487356,Core i5,3,0,256,2,Windows
454,Dell,Notebook,1.8,8,AMD,2.36,979.0,0,0,141.21199808219862,Core i7,4,1000,128,2,Windows
455,Dell,2 in 1 Convertible,1.6,4,Intel,1.47,479.0,1,0,135.0942111925629,Pentium,1,500,0,2,Windows
456,Dell,Notebook,2.7,8,Nvidia,4.42,2046.0,0,1,127.33567457123111,Core i7,4,1000,0,4,Windows
457,Microsoft,Ultrabook,2.2,4,Intel,1.252,989.0,1,0,200.84255993695703,Core M,2,0,128,2,Windows
458,Microsoft,Ultrabook,2.5,8,Intel,1.25,1799.0,1,0,200.84255993695703,Core i7,4,0,256,2,Windows
459,HP,Notebook,2.0,8,Intel,2.5,639.9,0,0,106.11306214269258,Core i3,2,0,256,2,Windows
460,Acer,Notebook,2.0,4,Nvidia,2.23,544.0,0,0,141.21199808219862,Core i3,2,1000,0,2,Windows
461,Acer,Netbook,1.6,4,Intel,1.4,435.0,0,0,135.0942111925629,Celeron,1,0,128,2,Windows
462,Asus,Notebook,2.5,8,Intel,2.37,749.0,0,0,141.21199808219862,Core i5,3,1000,0,2,Windows
463,Lenovo,Notebook,2.7,8,AMD,1.5,799.0,0,1,157.3505121487356,Core i7,4,0,512,2,Other
464,Lenovo,Notebook,2.9,8,Nvidia,2.67,2090.0,0,0,141.21199808219862,Core i7,4,0,256,2,Windows
465,Asus,Notebook,1.1,4,Intel,2.0,304.0,0,0,100.45466986113651,Pentium,1,500,0,2,Windows
466,Acer,Notebook,2.0,4,Nvidia,2.2,469.0,0,0,100.45466986113651,Core i3,2,500,0,2,Windows
467,Dell,Notebook,1.6,8,AMD,2.02,759.0,0,0,141.21199808219862,Core i5,3,2000,0,2,Windows
468,HP,Gaming,2.8,12,Nvidia,3.78,1699.0,0,1,127.33567457123111,Core i7,4,1000,0,4,Windows
469,Lenovo,Ultrabook,2.6,12,Intel,1.4,1858.0,0,1,209.8006828649808,Core i7,4,0,256,2,Windows
470,HP,2 in 1 Convertible,1.8,8,Intel,1.29,1999.0,1,1,331.2642361026012,Core i7,4,0,512,2,Windows
471,HP,Notebook,2.5,8,AMD,1.9,1154.0,0,0,141.21199808219862,Core i5,3,500,0,2,Windows
472,Google,Ultrabook,1.2,8,Intel,1.1,1275.0,1,0,234.50740003017813,Core i5,3,0,128,2,Other
473,Dell,Ultrabook,1.6,8,Intel,1.42,1841.85,1,0,165.6321180513006,Core i5,3,0,256,2,Windows
474,Asus,Notebook,2.6,12,Intel,2.06,1299.0,0,1,282.42399616439724,Core i7,4,1000,128,2,Windows
475,Dell,Notebook,2.3,8,Intel,1.79,740.0,0,0,111.93520355955211,Core i3,2,0,128,2,Windows
476,Dell,Workstation,2.8,8,Nvidia,1.78,2408.0,0,0,141.21199808219862,Core i7,4,0,256,2,Windows
477,Lenovo,Notebook,2.5,8,Intel,1.7,1364.0,0,0,157.3505121487356,Core i5,3,0,180,2,Windows
478,Dell,Notebook,1.6,8,AMD,2.2,675.0,0,0,141.21199808219862,Core i5,3,1000,0,2,Windows
479,Toshiba,Notebook,2.5,8,Intel,1.05,1672.0,0,1,165.6321180513006,Core i5,3,0,256,2,Windows
480,Dell,Notebook,1.8,8,Nvidia,2.16,1262.0,0,1,141.21199808219862,Core i7,4,0,512,2,Windows
481,Dell,Notebook,2.4,4,Intel,2.18,586.6,0,0,100.45466986113651,Core i3,2,1000,0,2,Windows
482,HP,Notebook,1.6,4,Intel,1.49,726.0,0,1,165.6321180513006,Core i5,3,0,128,2,Windows
483,Chuwi,Notebook,1.44,4,Intel,1.89,248.9,0,0,141.21199808219862,Atom,1,0,0,2,Windows
484,Lenovo,Notebook,2.0,4,Intel,2.3,565.0,0,0,100.45466986113651,Core i3,2,0,128,2,Windows
485,Lenovo,Notebook,1.6,8,Intel,1.75,1049.0,0,1,157.3505121487356,Core i5,3,0,256,2,Windows
486,Dell,Workstation,2.7,16,Nvidia,2.17,2338.0,0,1,141.21199808219862,Core i7,4,0,512,2,Windows
487,Dell,Notebook,2.8,16,Nvidia,2.06,1899.0,0,0,141.21199808219862,Core i7,4,0,512,3,Windows
488,Lenovo,Ultrabook,2.7,16,Intel,1.36,1798.0,0,1,176.23257360658386,Core i7,4,0,512,2,Windows
489,Asus,Ultrabook,2.7,16,Intel,0.91,1950.0,0,0,176.23257360658386,Core i7,4,0,512,2,Windows
490,Lenovo,Notebook,2.5,8,Nvidia,2.3,1011.99,0,1,141.21199808219862,Core i5,3,0,256,2,Windows
491,Toshiba,Ultrabook,2.7,32,Intel,1.05,2799.0,1,0,165.6321180513006,Core i7,4,0,512,2,Windows
492,Asus,Gaming,2.8,8,Nvidia,1.99,1350.0,0,0,141.21199808219862,Core i7,4,1000,128,3,Windows
493,Acer,Notebook,2.5,8,AMD,2.2,579.0,0,0,100.45466986113651,A10-Series,1,1000,0,2,Windows
494,Asus,Gaming,2.6,24,Nvidia,4.33,1269.0,1,1,127.33567457123111,Core i7,4,1000,256,2,Windows
495,Lenovo,Ultrabook,2.3,8,Intel,1.3,1099.0,0,1,125.36742798669837,Core i5,3,0,180,2,Windows
496,Lenovo,Notebook,1.8,8,Intel,2.17,898.9,0,0,141.21199808219862,Core i7,4,0,256,2,Windows
497,HP,Notebook,2.8,8,Intel,1.48,1749.0,0,0,157.3505121487356,Core i7,4,0,1000,2,Windows
498,Lenovo,Notebook,2.4,8,Intel,1.4,949.0,0,1,165.6321180513006,Core i3,2,0,256,2,Windows
499,Lenovo,Notebook,2.5,8,Intel,2.3,911.0,0,1,141.21199808219862,Core i5,3,0,256,2,Windows
500,Asus,Netbook,1.1,4,Intel,1.2,340.0,0,0,135.0942111925629,Celeron,1,0,0,2,Windows
501,HP,Notebook,2.5,8,AMD,1.91,618.99,0,0,100.45466986113651,Core i5,3,0,256,2,Windows
502,Lenovo,2 in 1 Convertible,1.6,8,Intel,1.4,1599.0,1,1,158.48253022174808,Core i5,3,0,256,2,Windows
503,Lenovo,Notebook,1.1,4,Intel,2.1,299.0,0,0,111.93520355955211,Celeron,1,500,0,2,Windows
504,Lenovo,Netbook,1.6,4,Intel,1.25,265.0,0,0,135.0942111925629,Celeron,1,0,16,2,Other
505,Lenovo,Notebook,2.5,8,Intel,1.44,949.0,0,0,165.6321180513006,Core i5,3,0,256,2,Windows
506,Asus,Notebook,2.7,8,Intel,2.0,1224.0,0,0,141.21199808219862,Core i7,4,1000,256,2,Windows
507,Acer,Notebook,1.6,4,Nvidia,2.2,613.0,0,1,141.21199808219862,Core i5,3,1000,0,2,Windows
508,HP,Ultrabook,2.7,8,Intel,1.34,1323.0,0,1,165.6321180513006,Core i7,4,0,512,2,Windows
509,Lenovo,Gaming,2.8,8,Nvidia,2.4,1149.0,0,1,141.21199808219862,Core i7,4,1000,256,4,Other
510,Dell,Ultrabook,2.5,8,Intel,1.29,899.0,1,1,165.6321180513006,Core i5,3,0,128,2,Windows
511,Acer,Notebook,2.7,4,Nvidia,2.2,639.0,0,0,141.21199808219862,Core i7,4,500,0,2,Windows
512,Dell,Notebook,2.5,8,Intel,2.18,836.0,0,0,141.21199808219862,Core i5,3,1000,0,2,Windows
513,Dell,Notebook,1.8,16,AMD,2.2,1219.24,0,0,141.21199808219862,Core i7,4,2000,256,2,Windows
514,Xiaomi,Notebook,1.8,16,Nvidia,1.95,1399.95,0,1,141.21199808219862,Core i7,4,0,256,2,Other
515,Asus,Netbook,1.1,2,Intel,1.1,245.0,0,0,135.0942111925629,Celeron,1,0,0,2,Windows
516,HP,Notebook,1.6,4,Intel,2.04,521.47,1,0,100.45466986113651,Core i5,3,1000,0,2,Windows
517,Asus,Gaming,2.8,24,Nvidia,2.24,2968.0,0,0,141.21199808219862,Core i7,4,0,512,4,Windows
518,HP,Notebook,2.5,8,Nvidia,2.04,889.0,0,0,141.21199808219862,Core i5,3,0,256,2,Windows
519,Asus,Gaming,2.8,16,Nvidia,3.0,1504.0,0,0,127.33567457123111,Core i7,4,1000,256,3,Windows
520,Lenovo,Gaming,2.8,8,Nvidia,3.2,1399.0,0,1,141.21199808219862,Core i7,4,1000,256,4,Windows
521,HP,Ultrabook,2.7,8,Intel,1.32,1399.0,0,1,165.6321180513006,Core i7,4,0,256,2,Windows
522,Dell,Notebook,2.6,8,Intel,1.64,1279.73,0,0,157.3505121487356,Core i5,3,0,256,2,Windows
523,HP,Notebook,2.0,4,Intel,1.63,689.0,0,0,100.45466986113651,Core i3,2,0,128,2,Windows
524,Dell,Notebook,1.6,8,AMD,2.8,889.0,0,1,127.33567457123111,Core i5,3,1000,128,2,Other
525,Lenovo,Notebook,2.3,8,Intel,2.02,1340.0,0,0,157.3505121487356,Core i5,3,0,256,2,Windows
526,Lenovo,Notebook,2.7,4,Nvidia,2.2,799.0,0,0,141.21199808219862,Core i7,4,1000,0,2,Windows
527,Lenovo,Notebook,2.0,8,Nvidia,2.2,459.0,0,0,100.45466986113651,Core i3,2,2000,0,2,Other
528,Dell,Notebook,2.5,4,AMD,2.3,585.0,0,0,141.21199808219862,Core i5,3,500,0,2,Windows
529,Dell,Notebook,2.8,8,Intel,1.9,1377.0,0,0,141.21199808219862,Core i5,3,0,256,2,Windows
530,Dell,Gaming,2.8,16,Nvidia,4.42,3012.77,0,1,127.33567457123111,Core i7,4,1000,128,4,Windows
531,Toshiba,Notebook,2.5,8,Intel,2.0,860.0,0,1,141.21199808219862,Core i5,3,500,0,2,Windows
532,Asus,Notebook,2.7,8,Nvidia,2.0,1299.0,0,1,282.42399616439724,Core i7,4,1000,256,3,Windows
533,Mediacom,Notebook,1.1,4,Intel,1.2,369.0,0,1,165.6321180513006,Celeron,1,0,32,2,Windows
534,Asus,Gaming,2.5,8,Nvidia,2.3,1649.0,0,1,141.21199808219862,Core i5,3,1000,128,4,Windows
535,Dell,Notebook,2.8,8,Nvidia,1.93,1369.0,0,0,141.21199808219862,Core i7,4,0,256,2,Windows
536,Dell,Notebook,1.6,8,AMD,2.2,797.41,0,0,141.21199808219862,Core i5,3,0,256,2,Windows
537,HP,Notebook,1.6,4,Intel,1.86,398.99,0,0,141.21199808219862,Pentium,1,0,256,2,Windows
538,HP,Gaming,2.8,12,Nvidia,2.62,1799.0,0,0,127.33567457123111,Core i7,4,1000,0,4,Windows
539,Lenovo,Notebook,2.7,8,Nvidia,1.87,859.0,0,1,157.3505121487356,Core i7,4,0,256,2,Windows
540,Dell,Ultrabook,1.8,8,Intel,1.2,1399.0,1,0,276.053530085501,Core i7,4,0,256,2,Windows
541,Dell,Notebook,2.0,4,Intel,1.6,735.87,0,0,157.3505121487356,Core i3,2,0,128,2,Windows
542,HP,Ultrabook,2.7,8,Intel,1.34,1145.0,0,1,276.053530085501,Core i7,4,0,256,2,Windows
543,Acer,Gaming,2.5,8,Nvidia,2.4,798.0,0,0,141.21199808219862,Core i5,3,1000,0,3,Other
544,Asus,Notebook,1.8,4,AMD,2.0,349.0,0,0,100.45466986113651,E-Series,1,500,0,2,Windows
545,HP,Notebook,2.4,4,Intel,2.1,705.5,0,0,141.21199808219862,Core i3,2,0,128,2,Windows
546,Lenovo,Notebook,2.5,4,Intel,1.87,785.0,0,0,157.3505121487356,Core i5,3,500,0,2,Windows
547,Lenovo,Notebook,2.3,4,Intel,2.15,462.35,0,0,141.21199808219862,Core i5,3,1000,0,2,Other
548,HP,Notebook,2.0,4,Intel,1.86,397.0,0,0,141.21199808219862,Core i3,2,500,0,2,Windows
549,Lenovo,Notebook,2.7,8,Intel,1.99,1729.0,0,1,141.21199808219862,Core i7,4,0,512,2,Windows
550,Lenovo,Notebook,2.0,4,Intel,2.2,499.0,0,0,141.21199808219862,Core i3,2,0,128,2,Windows
551,Dell,Notebook,2.5,8,Intel,1.9,1116.99,0,0,141.21199808219862,Core i5,3,0,256,2,Windows
552,Dell,Gaming,2.8,16,Nvidia,4.42,2699.0,0,1,127.33567457123111,Core i7,4,1000,256,4,Windows
553,HP,Notebook,2.0,8,Intel,2.65,544.15,0,0,106.11306214269258,Core i3,2,1000,0,2,Windows
554,HP,Notebook,2.7,8,Nvidia,2.63,1280.0,0,0,127.33567457123111,Core i7,4,1000,0,2,Windows
555,Asus,Notebook,1.1,4,Intel,2.0,224.0,0,0,100.45466986113651,Celeron,1,500,0,2,Other
556,Mediacom,Notebook,1.44,4,Intel,1.35,255.0,0,1,165.6321180513006,Atom,1,0,0,2,Windows
557,Lenovo,Notebook,2.7,6,Nvidia,2.8,949.0,0,0,106.11306214269258,Core i7,4,1000,128,2,Windows
558,HP,Notebook,2.5,6,AMD,1.91,568.9,0,1,141.21199808219862,A10-Series,1,0,128,2,Windows
559,Dell,Notebook,2.0,4,AMD,2.18,617.9,0,0,100.45466986113651,Core i3,2,1000,0,2,Windows
560,Acer,2 in 1 Convertible,2.0,4,Intel,1.25,349.0,1,1,189.90579052433606,Celeron,1,0,0,2,Windows
561,Lenovo,Notebook,2.7,4,Intel,2.05,630.0,0,0,141.21199808219862,Core i3,2,0,128,2,Windows
562,HP,Ultrabook,1.2,16,Intel,1.16,1965.0,1,1,276.053530085501,Core M,2,0,512,2,Windows
563,Lenovo,Notebook,2.8,8,Nvidia,3.4,2999.0,0,1,127.33567457123111,Core i7,4,0,256,2,Windows
564,Asus,Notebook,2.5,8,Nvidia,2.5,839.0,0,0,141.21199808219862,Core i5,3,1000,128,3,Windows
565,Dell,Ultrabook,1.6,8,Intel,1.21,1599.0,1,1,331.2642361026012,Core i5,3,0,128,2,Windows
566,Dell,Notebook,2.6,4,Intel,1.93,959.0,0,0,100.45466986113651,Core i5,3,500,0,2,Windows
567,Fujitsu,Notebook,2.5,8,Intel,2.2,739.0,0,0,100.45466986113651,Core i5,3,1000,0,2,Windows
568,Lenovo,Notebook,1.1,4,Intel,2.2,344.0,0,0,141.21199808219862,Pentium,1,500,0,2,Windows
569,Lenovo,Notebook,2.5,4,Intel,2.02,990.0,0,0,111.93520355955211,Core i5,3,500,0,2,Windows
570,HP,Workstation,2.8,8,Nvidia,3.14,1860.99,0,0,106.11306214269258,Core i5,3,500,0,2,Windows
571,HP,Notebook,1.6,8,Intel,1.94,389.0,0,0,111.93520355955211,Pentium,1,2000,0,2,Windows
572,HP,Notebook,3.0,6,AMD,1.95,649.0,0,1,141.21199808219862,A9-Series,1,0,256,2,Windows
573,Lenovo,Notebook,2.5,8,Intel,2.3,830.0,0,0,141.21199808219862,Core i5,3,0,256,2,Windows
574,Lenovo,Notebook,1.6,4,Intel,2.05,685.0,0,0,141.21199808219862,Core i5,3,500,0,2,Windows
575,Mediacom,Notebook,1.44,4,Intel,1.4,249.0,0,0,157.3505121487356,Atom,1,0,32,2,Windows
576,Toshiba,Ultrabook,2.7,16,Intel,1.24,1865.0,1,0,157.3505121487356,Core i7,4,0,512,2,Windows
577,Lenovo,Gaming,2.7,32,Nvidia,4.6,2663.0,0,1,127.33567457123111,Core i7,4,1000,256,4,Windows
578,MSI,Gaming,2.9,16,Nvidia,4.14,2729.0,0,0,127.33567457123111,Core i7,4,1000,512,4,Windows
579,Dell,Notebook,2.7,8,AMD,2.2,749.01,0,0,141.21199808219862,Core i7,4,0,256,2,Other
580,Mediacom,Notebook,1.1,4,Intel,1.45,389.0,0,1,157.3505121487356,Celeron,1,0,32,2,Windows
581,Dell,Notebook,2.6,8,Intel,1.9,1008.52,0,0,100.45466986113651,Core i5,3,500,0,2,Windows
582,HP,Notebook,2.4,4,Intel,1.49,719.0,0,0,165.6321180513006,Core i3,2,0,128,2,Windows
583,Dell,Notebook,2.8,16,Nvidia,1.93,1537.39,0,0,141.21199808219862,Core i7,4,0,256,2,Windows
584,Dell,Netbook,1.6,4,Intel,1.26,295.0,0,0,135.0942111925629,Celeron,1,0,0,2,Other
585,MSI,Gaming,2.7,16,Nvidia,4.5,2349.0,0,0,127.33567457123111,Core i7,4,1000,128,2,Windows
586,HP,Gaming,2.8,16,Nvidia,3.78,1498.0,0,1,127.33567457123111,Core i7,4,1000,256,3,Windows
587,Lenovo,Ultrabook,2.6,12,Intel,1.4,1673.0,0,1,157.3505121487356,Core i7,4,0,256,2,Windows
588,Lenovo,Notebook,1.8,12,Intel,2.2,609.0,1,0,100.45466986113651,Core i7,4,1000,0,2,Windows
589,Asus,Gaming,2.5,8,Nvidia,2.73,1770.0,0,1,127.33567457123111,Core i5,3,1000,128,4,Windows
590,Asus,2 in 1 Convertible,2.5,8,Intel,2.2,739.0,1,0,100.45466986113651,Core i5,3,1000,0,2,Windows
591,Lenovo,Notebook,3.6,12,AMD,2.2,949.0,0,0,141.21199808219862,A12-Series,1,0,512,2,Windows
592,Dell,2 in 1 Convertible,1.0,4,Intel,1.39,603.0,1,0,135.0942111925629,Core M,2,0,128,2,Windows
593,Samsung,Notebook,2.8,16,Nvidia,2.5,1699.0,0,0,141.21199808219862,Core i7,4,1000,128,3,Windows
594,Lenovo,Notebook,2.0,4,Intel,2.8,529.0,0,0,127.33567457123111,Core i3,2,500,0,2,Other
595,Lenovo,Notebook,2.3,8,Intel,2.29,459.0,0,0,100.45466986113651,Core i3,2,1000,0,2,Windows
596,Lenovo,2 in 1 Convertible,2.7,8,Intel,1.37,2025.0,1,1,165.6321180513006,Core i7,4,0,512,2,Windows
597,Lenovo,Notebook,2.5,8,Intel,1.7,1474.0,0,1,157.3505121487356,Core i5,3,0,256,2,Windows
598,Dell,2 in 1 Convertible,2.5,8,Intel,1.34,1670.0,1,0,176.23257360658386,Core i5,3,0,256,2,Windows
599,Dell,Workstation,2.8,8,Nvidia,2.06,1763.0,1,0,141.21199808219862,Core i7,4,0,256,2,Windows
600,HP,Notebook,2.7,8,Intel,1.84,1219.0,0,0,141.21199808219862,Core i7,4,0,256,2,Windows
601,HP,Notebook,2.4,4,Intel,2.1,668.48,0,0,100.45466986113651,Core i3,2,500,0,2,Windows
602,Acer,Notebook,1.1,4,Intel,1.6,329.0,0,0,157.3505121487356,Celeron,1,0,0,2,Windows
603,MSI,Gaming,2.7,16,Nvidia,4.14,2199.0,0,0,127.33567457123111,Core i7,4,1000,128,2,Windows
604,Dell,Notebook,2.0,4,AMD,2.18,465.0,0,0,100.45466986113651,Core i3,2,1000,0,2,Other
605,MSI,Gaming,2.8,16,Nvidia,1.8,2299.0,0,0,282.42399616439724,Core i7,4,2000,256,4,Windows
606,Toshiba,Notebook,2.5,8,Intel,2.2,1399.0,0,1,141.21199808219862,Core i7,4,0,256,2,Windows
607,Lenovo,Notebook,2.5,6,Intel,2.4,564.0,0,0,141.21199808219862,Core i5,3,1000,0,2,Windows
608,Lenovo,2 in 1 Convertible,2.8,8,Intel,2.0,1299.0,1,1,141.21199808219862,Core i7,4,0,256,2,Windows
609,Acer,Notebook,1.6,4,Intel,1.6,349.0,0,0,111.93520355955211,Pentium,1,0,0,2,Windows
610,Lenovo,Notebook,3.1,32,Nvidia,2.5,4899.0,0,1,282.42399616439724,Xeon,4,0,1000,2,Windows
611,Dell,Gaming,2.6,16,Nvidia,2.59,879.01,0,0,141.21199808219862,Core i7,4,1000,0,3,Windows
612,Dell,Notebook,2.0,4,Intel,2.18,443.9,0,0,100.45466986113651,Core i3,2,1000,0,2,Other
613,Dell,Notebook,2.0,4,Intel,2.25,359.0,0,0,100.45466986113651,Core i3,2,1000,0,2,Other
614,Dell,Notebook,2.6,4,Intel,1.93,869.0,0,0,100.45466986113651,Core i5,3,500,0,2,Other
615,Asus,Gaming,2.8,8,Nvidia,3.0,1168.0,0,0,127.33567457123111,Core i7,4,1000,128,3,Windows
616,Dell,Notebook,2.5,4,AMD,2.18,569.0,0,0,141.21199808219862,Core i5,3,0,128,2,Other
617,HP,Ultrabook,2.7,8,Intel,1.84,1389.0,0,0,141.21199808219862,Core i7,4,0,512,2,Windows
618,MSI,Gaming,2.8,16,Nvidia,2.94,2267.86,0,0,141.21199808219862,Core i7,4,1000,256,4,Windows
619,Acer,2 in 1 Convertible,1.6,4,Intel,1.25,379.0,1,1,135.0942111925629,Celeron,1,0,0,2,Other
620,HP,Notebook,2.6,8,Intel,2.31,1124.0,0,0,111.93520355955211,Core i5,3,0,256,2,Windows
621,Lenovo,Notebook,2.3,8,Intel,1.65,1465.0,0,0,157.3505121487356,Core i5,3,0,256,2,Windows
622,Dell,Notebook,1.6,4,AMD,2.2,776.0,0,0,141.21199808219862,Core i5,3,1000,0,2,Windows
623,Fujitsu,Notebook,2.5,8,Intel,2.2,799.0,0,0,100.45466986113651,Core i5,3,0,256,2,Windows
624,HP,Notebook,2.3,4,Intel,1.88,932.0,0,0,100.45466986113651,Core i5,3,500,0,2,Windows
625,Lenovo,Notebook,2.7,8,Nvidia,2.2,899.0,0,0,141.21199808219862,Core i7,4,1000,0,2,Windows
626,Mediacom,Notebook,1.44,2,Intel,1.4,239.0,0,0,157.3505121487356,Atom,1,0,0,2,Windows
627,Lenovo,Notebook,2.5,4,Intel,2.2,468.0,0,0,141.21199808219862,Core i5,3,0,128,2,Other
628,Asus,2 in 1 Convertible,2.5,6,Intel,1.5,639.01,1,0,165.6321180513006,Core i5,3,1000,0,2,Windows
629,Dell,Notebook,2.8,8,Nvidia,2.0,1820.0,0,0,141.21199808219862,Core i7,4,0,256,3,Windows
630,Asus,Ultrabook,2.7,16,Intel,1.1,1900.0,0,0,157.3505121487356,Core i7,4,0,512,2,Windows
631,Dell,Gaming,2.8,16,Nvidia,2.62,1479.0,0,0,141.21199808219862,Core i7,4,1000,256,3,Windows
632,Lenovo,Notebook,1.6,4,Intel,1.8,829.0,0,0,141.21199808219862,Core i5,3,0,256,2,Windows
633,Lenovo,Notebook,2.0,4,Nvidia,2.2,579.0,0,0,141.21199808219862,Core i3,2,1000,0,2,Windows
634,Asus,Notebook,1.1,8,Intel,2.0,399.0,0,0,100.45466986113651,Celeron,1,1000,0,2,Windows
635,Asus,Notebook,2.5,8,Nvidia,1.99,906.62,0,0,141.21199808219862,Core i5,3,1000,0,3,Windows
636,Dell,Ultrabook,1.6,8,Intel,1.23,1869.0,1,0,276.053530085501,Core i5,3,0,256,2,Windows
637,Lenovo,Notebook,1.6,2,Intel,1.42,249.0,0,0,111.93520355955211,Celeron,1,0,0,2,Windows
638,Lenovo,2 in 1 Convertible,2.7,8,Intel,1.37,1757.42,1,1,165.6321180513006,Core i7,4,0,256,2,Windows
639,Dell,Notebook,2.8,16,Nvidia,2.06,2399.0,1,0,282.42399616439724,Core i7,4,0,1000,3,Windows
640,Lenovo,Gaming,2.8,8,Nvidia,2.5,1109.0,0,1,141.21199808219862,Core i7,4,1000,128,3,Windows
641,HP,Notebook,3.0,8,AMD,2.6,520.9,0,0,107.98564559226952,A9-Series,1,1000,0,2,Windows
642,Lenovo,Ultrabook,2.7,16,Intel,1.14,2450.0,0,1,157.3505121487356,Core i7,4,0,512,2,Windows
643,Asus,Gaming,2.8,8,Nvidia,2.5,1169.0,0,1,141.21199808219862,Core i7,4,1000,0,3,Other
644,Acer,Notebook,2.0,4,Intel,2.4,450.0,0,0,100.45466986113651,Core i3,2,500,0,2,Windows
645,Lenovo,Notebook,1.6,4,Intel,1.43,274.0,0,0,111.93520355955211,Celeron,1,0,0,2,Windows
646,Acer,Ultrabook,2.5,8,Intel,1.8,919.0,0,1,157.3505121487356,Core i5,3,0,256,2,Windows
647,Razer,Gaming,2.8,16,Nvidia,1.95,2599.0,0,0,157.3505121487356,Core i7,4,0,256,4,Windows
648,Toshiba,Notebook,2.3,8,Intel,1.2,1213.0,0,0,165.6321180513006,Core i5,3,0,256,2,Windows
649,Lenovo,Ultrabook,2.7,8,Intel,1.36,1584.0,0,1,176.23257360658386,Core i7,4,0,256,2,Windows
650,Asus,Gaming,2.7,32,Nvidia,3.8,2799.0,0,1,127.33567457123111,Core i7,4,0,512,4,Windows
651,Acer,Gaming,2.5,8,Nvidia,2.4,709.0,0,0,141.21199808219862,Core i5,3,1000,0,3,Other
652,Dell,Ultrabook,1.6,8,Intel,1.2,1449.9,0,0,165.6321180513006,Core i5,3,0,256,2,Windows
653,MSI,Gaming,2.8,8,Nvidia,2.2,1191.8,0,0,141.21199808219862,Core i7,4,1000,128,3,Windows
654,HP,Notebook,2.0,4,Intel,1.86,364.9,0,0,100.45466986113651,Core i3,2,500,0,2,Other
655,Toshiba,Notebook,2.5,8,Intel,2.0,1064.0,0,1,141.21199808219862,Core i5,3,500,0,2,Windows
656,Dell,Notebook,1.8,8,AMD,2.2,919.0,0,0,141.21199808219862,Core i7,4,0,256,2,Windows
657,Dell,Notebook,1.8,16,AMD,2.2,1135.0,0,0,141.21199808219862,Core i7,4,2000,256,2,Windows
658,Lenovo,Gaming,2.6,8,Nvidia,3.31,1196.0,0,1,141.21199808219862,Core i7,4,1000,128,3,Windows
659,Dell,Gaming,2.8,32,Nvidia,4.42,3147.37,0,1,254.67134914246222,Core i7,4,1000,512,4,Windows
660,Dell,Notebook,2.4,8,Intel,1.56,1229.0,0,0,157.3505121487356,Core i5,3,0,256,2,Windows
661,Lenovo,Notebook,1.1,4,Intel,2.2,419.0,0,0,100.45466986113651,Celeron,1,500,0,2,Windows
662,Lenovo,Notebook,2.3,4,Intel,2.2,535.0,0,0,141.21199808219862,Core i5,3,500,0,2,Windows
663,HP,Notebook,2.0,6,AMD,2.04,539.0,0,0,141.21199808219862,Core i3,2,1000,0,2,Windows
664,MSI,Gaming,2.8,8,Nvidia,2.7,1486.77,0,0,127.33567457123111,Core i7,4,1000,128,4,Windows
665,Toshiba,Notebook,2.1,4,Intel,2.1,498.0,0,0,100.45466986113651,Core i3,2,0,128,2,Windows
666,Dell,Notebook,2.5,8,Intel,2.06,955.0,0,0,141.21199808219862,Core i5,3,1000,0,2,Windows
667,HP,Notebook,2.7,8,AMD,2.1,745.0,0,0,141.21199808219862,Core i7,4,1000,0,2,Windows
668,Toshiba,Notebook,2.5,8,Intel,2.0,1258.0,0,1,141.21199808219862,Core i5,3,0,256,2,Windows
669,Acer,Notebook,2.0,4,Intel,2.1,412.0,0,0,100.45466986113651,Core i3,2,0,128,2,Other
670,Microsoft,Ultrabook,2.8,8,Intel,1.252,1867.85,1,0,200.84255993695703,Core i7,4,0,256,2,Windows
671,Lenovo,Notebook,2.5,8,AMD,1.9,817.95,0,0,141.21199808219862,Core i5,3,1000,128,2,Windows
672,Lenovo,2 in 1 Convertible,2.5,8,Intel,1.3,1034.0,1,1,165.6321180513006,Core i5,3,0,256,2,Windows
673,Lenovo,Notebook,2.2,4,AMD,2.2,349.0,0,0,100.45466986113651,E-Series,1,0,128,2,Windows
674,HP,2 in 1 Convertible,2.4,4,Nvidia,1.63,699.0,1,1,157.3505121487356,Core i3,2,0,128,2,Windows
675,MSI,Gaming,2.8,16,Nvidia,2.4,1294.0,0,0,141.21199808219862,Core i7,4,1000,256,3,Windows
676,Asus,Ultrabook,2.5,8,Intel,1.1,1135.0,0,0,157.3505121487356,Core i5,3,0,256,2,Windows
677,HP,2 in 1 Convertible,1.1,8,Intel,1.4,495.0,1,0,135.0942111925629,Celeron,1,0,0,2,Other
678,LG,Ultrabook,1.8,8,Intel,1.09,2299.0,0,1,141.21199808219862,Core i7,4,0,512,2,Windows
679,Acer,Gaming,2.5,16,Nvidia,2.5,1299.0,0,0,141.21199808219862,Core i5,3,0,256,3,Windows
680,MSI,Gaming,2.5,8,Nvidia,2.2,997.9,0,0,141.21199808219862,Core i5,3,0,256,3,Windows
681,Asus,Notebook,1.1,4,Intel,1.86,419.0,0,0,100.45466986113651,Celeron,1,0,128,2,Windows
682,Dell,Gaming,2.5,16,Nvidia,3.21,2051.0,0,0,141.21199808219862,Core i5,3,1000,128,4,Windows
683,HP,Notebook,2.0,4,AMD,2.5,699.0,0,1,127.33567457123111,Core i3,2,0,256,2,Windows
684,Lenovo,2 in 1 Convertible,1.8,8,Intel,1.19,1499.0,1,1,165.6321180513006,Core i7,4,0,512,2,Windows
685,Dell,Gaming,2.9,16,Nvidia,3.49,2813.75,0,0,141.21199808219862,Core i7,4,1000,256,4,Windows
686,HP,Notebook,2.5,4,AMD,1.86,612.61,0,0,100.45466986113651,Core i5,3,500,0,2,Windows
687,Dell,Notebook,2.0,4,AMD,2.2,545.67,0,0,100.45466986113651,Core i3,2,1000,0,2,Windows
688,HP,Notebook,2.4,6,AMD,2.65,569.0,0,1,127.33567457123111,A10-Series,1,2000,0,2,Windows
689,Lenovo,Notebook,1.6,4,Intel,2.1,318.0,0,0,100.45466986113651,Celeron,1,500,0,2,Windows
690,Acer,Notebook,1.6,4,Intel,1.45,375.0,0,0,111.93520355955211,Celeron,1,0,0,2,Other
691,Lenovo,Notebook,2.5,4,Intel,1.7,699.0,0,0,157.3505121487356,Core i5,3,0,256,2,Windows
692,HP,Workstation,2.8,8,Nvidia,3.14,1907.99,0,0,127.33567457123111,Core i7,4,500,0,2,Windows
693,Lenovo,2 in 1 Convertible,2.7,8,Intel,1.42,2590.0,1,0,209.8006828649808,Core i7,4,0,256,2,Windows
694,Toshiba,Notebook,2.5,8,Intel,1.5,973.0,0,1,165.6321180513006,Core i5,3,0,256,2,Windows
695,Acer,Netbook,1.6,4,Intel,1.4,269.0,0,0,135.0942111925629,Celeron,1,0,0,2,Windows
696,Lenovo,2 in 1 Convertible,2.7,16,Intel,1.38,1749.0,1,0,157.3505121487356,Core i7,4,0,512,2,Windows
697,Asus,2 in 1 Convertible,0.9,4,Intel,1.2,669.0,1,0,176.23257360658386,Core M,2,0,0,2,Other
698,Toshiba,Ultrabook,2.5,16,Intel,1.36,1877.0,1,0,165.6321180513006,Core i7,4,0,512,2,Windows
699,HP,Notebook,2.7,4,AMD,2.1,689.0,0,1,141.21199808219862,Core i7,4,500,0,2,Windows
700,Dell,Gaming,2.5,8,Nvidia,2.56,819.0,0,0,141.21199808219862,Core i5,3,1000,0,3,Windows
701,Lenovo,Notebook,2.9,4,AMD,2.2,399.0,0,0,141.21199808219862,A9-Series,1,0,256,2,Windows
702,Lenovo,Notebook,3.6,8,AMD,2.2,429.0,0,0,100.45466986113651,A12-Series,1,1000,0,2,Windows
703,Lenovo,Notebook,2.5,4,Intel,2.1,621.45,0,0,141.21199808219862,Core i5,3,2000,0,2,Windows
704,Lenovo,Notebook,2.0,4,Intel,1.9,450.0,0,0,100.45466986113651,Core i3,2,500,0,2,Other
705,Dell,Notebook,2.5,8,Intel,2.18,795.0,0,0,141.21199808219862,Core i5,3,0,256,2,Windows
706,Acer,2 in 1 Convertible,1.6,8,Intel,1.6,999.0,1,1,165.6321180513006,Core i5,3,0,256,2,Windows
707,Lenovo,Workstation,2.5,16,Nvidia,2.18,1855.0,0,0,141.21199808219862,Core i7,4,0,512,2,Windows
708,Lenovo,Notebook,2.3,8,Intel,1.8,1191.0,0,0,157.3505121487356,Core i5,3,0,256,2,Windows
709,HP,Notebook,2.5,6,AMD,2.71,655.01,0,1,127.33567457123111,A10-Series,1,2000,0,2,Windows
710,Lenovo,Gaming,2.8,8,Nvidia,2.5,1249.0,0,1,141.21199808219862,Core i7,4,1000,128,3,Windows
711,Dell,Notebook,2.8,8,Nvidia,1.64,1089.0,0,0,157.3505121487356,Core i5,3,0,256,2,Other
712,Dell,Notebook,2.5,8,Intel,1.98,726.0,0,0,141.21199808219862,Core i5,3,1000,0,2,Other
713,Asus,Notebook,1.1,4,Intel,1.5,298.0,0,0,157.3505121487356,Celeron,1,0,0,2,Windows
714,Dell,Notebook,2.6,16,Intel,1.93,1426.66,0,0,141.21199808219862,Core i5,3,0,512,2,Windows
715,Lenovo,Notebook,2.5,8,Nvidia,1.87,857.07,0,1,157.3505121487356,Core i5,3,0,256,2,Windows
716,Dell,Notebook,2.6,8,Intel,1.9,1179.0,0,0,141.21199808219862,Core i5,3,0,256,2,Windows
717,Lenovo,Notebook,2.0,4,AMD,2.19,298.0,0,0,100.45466986113651,A6-Series,1,500,0,2,Windows
718,Mediacom,Notebook,1.92,4,Intel,1.4,265.0,0,1,161.72539083525606,Atom,1,32,0,2,Windows
719,HP,Notebook,2.7,8,Nvidia,2.63,1200.0,0,0,127.33567457123111,Core i7,4,0,256,2,Windows
720,Lenovo,Ultrabook,2.5,8,Intel,1.17,1686.64,0,1,209.8006828649808,Core i7,4,0,512,2,Windows
721,HP,2 in 1 Convertible,2.5,8,Intel,1.58,836.6,1,1,117.82653006268643,Core i5,3,0,256,2,Windows
722,Lenovo,Ultrabook,2.5,8,Intel,1.32,1499.0,0,1,157.3505121487356,Core i5,3,0,256,2,Windows
723,Dell,Gaming,2.8,32,Nvidia,4.36,3659.4,0,0,254.67134914246222,Core i7,4,1000,1000,4,Windows
724,MSI,Gaming,2.8,8,Nvidia,2.7,1348.48,0,0,127.33567457123111,Core i7,4,1000,128,3,Windows
725,Lenovo,Notebook,2.5,4,Intel,1.9,489.9,0,0,100.45466986113651,Core i5,3,1000,0,2,Other
726,Dell,Notebook,1.6,8,AMD,2.2,719.0,0,0,141.21199808219862,Core i5,3,1000,128,2,Windows
727,Dell,2 in 1 Convertible,2.4,4,Intel,1.71,649.0,1,0,165.6321180513006,Core i3,2,1000,0,2,Windows
728,Dell,Notebook,2.5,8,AMD,2.32,589.52,0,0,100.45466986113651,Core i5,3,1000,0,2,Other
729,HP,Notebook,3.0,4,AMD,2.1,489.0,0,0,141.21199808219862,A9-Series,1,1000,0,2,Windows
730,Acer,Gaming,2.6,16,Nvidia,4.2,1935.0,0,1,127.33567457123111,Core i7,4,1000,128,4,Windows
731,Dell,Notebook,2.5,12,Intel,2.25,649.0,0,0,100.45466986113651,Core i5,3,1000,0,2,Windows
732,HP,Notebook,3.0,6,AMD,2.1,650.0,0,0,141.21199808219862,A9-Series,1,1000,128,2,Windows
733,Acer,Notebook,2.5,4,Intel,2.4,559.0,0,0,100.45466986113651,Core i5,3,500,0,2,Windows
734,Lenovo,Notebook,2.5,8,Intel,1.44,960.0,0,1,165.6321180513006,Core i5,3,0,256,2,Windows
735,Lenovo,Notebook,2.7,4,Intel,1.85,779.0,0,0,141.21199808219862,Core i7,4,1000,0,2,Windows
736,HP,Workstation,2.8,16,Nvidia,2.6,2419.0,0,0,141.21199808219862,Core i7,4,0,256,2,Windows
737,Dell,2 in 1 Convertible,1.6,8,Intel,1.55,659.0,1,0,165.6321180513006,Core i5,3,1000,0,2,Windows
738,MSI,Gaming,2.8,16,Nvidia,1.8,2094.48,0,0,141.21199808219862,Core i7,4,1000,256,4,Windows
739,Acer,Notebook,2.0,4,Intel,2.4,410.8,0,0,100.45466986113651,Core i3,2,500,0,2,Windows
740,Dell,Notebook,2.7,8,Nvidia,2.0,1207.0,0,0,141.21199808219862,Core i7,4,1000,128,2,Windows
741,Dell,Notebook,2.0,8,Intel,2.0,665.0,0,0,100.45466986113651,Core i3,2,0,256,2,Windows
742,Toshiba,Notebook,2.5,8,Intel,1.25,1535.0,1,1,157.3505121487356,Core i5,3,0,256,2,Windows
743,Lenovo,2 in 1 Convertible,2.5,8,Intel,1.7,999.0,1,0,157.3505121487356,Core i5,3,0,256,2,Windows
744,Lenovo,Workstation,2.8,16,Nvidia,2.5,3299.0,0,1,282.42399616439724,Core i7,4,0,1000,2,Windows
745,Acer,Notebook,1.6,2,Intel,1.68,330.0,0,0,111.93520355955211,Celeron,1,0,0,2,Other
746,Samsung,Ultrabook,2.7,16,Intel,0.81,1649.0,0,0,165.6321180513006,Core i7,4,0,256,2,Windows
747,HP,Notebook,2.0,8,Intel,1.86,539.0,0,0,141.21199808219862,Core i3,2,0,256,2,Windows
748,Dell,Notebook,2.5,8,Intel,1.6,1126.71,0,0,111.93520355955211,Core i5,3,0,256,2,Windows
749,HP,Workstation,2.9,16,Nvidia,3.0,4389.0,0,1,127.33567457123111,Xeon,4,0,256,2,Windows
750,Lenovo,Netbook,1.6,4,Intel,1.4,475.0,1,0,135.0942111925629,Celeron,1,0,128,2,Windows
751,HP,Notebook,2.4,8,Intel,1.84,1900.0,0,0,141.21199808219862,Core i5,3,0,256,2,Windows
752,Asus,Notebook,2.3,4,Nvidia,2.45,579.0,0,0,100.45466986113651,Core i5,3,1000,0,3,Other
753,Lenovo,Ultrabook,2.3,4,Intel,1.7,1096.0,0,0,157.3505121487356,Core i5,3,0,180,2,Windows
754,Asus,Notebook,2.7,4,Intel,2.37,849.9,0,0,100.45466986113651,Core i7,4,0,256,2,Windows
755,Lenovo,2 in 1 Convertible,1.8,8,Intel,1.3,1199.0,1,1,276.053530085501,Core i5,3,0,256,2,Windows
756,HP,Notebook,2.5,8,Nvidia,2.2,1099.0,0,1,141.21199808219862,Core i5,3,1000,128,3,Windows
757,HP,Workstation,2.6,8,Nvidia,2.59,1561.0,0,0,141.21199808219862,Core i7,4,0,256,2,Windows
758,Dell,Gaming,2.8,16,Nvidia,4.42,2868.99,0,1,282.42399616439724,Core i7,4,1000,256,4,Windows
759,Acer,Notebook,2.5,4,Intel,2.1,599.0,0,0,100.45466986113651,Core i5,3,0,256,2,Windows
760,Lenovo,Gaming,2.8,8,Nvidia,2.5,1048.0,0,1,141.21199808219862,Core i7,4,1000,128,3,Windows
761,Dell,Ultrabook,2.8,16,Intel,1.18,1859.0,0,0,176.23257360658386,Core i7,4,0,256,2,Windows
762,Google,Ultrabook,1.2,8,Intel,1.1,1559.0,1,0,234.50740003017813,Core i5,3,0,256,2,Other
763,Asus,Ultrabook,2.5,8,Intel,1.2,1129.0,0,1,276.053530085501,Core i5,3,0,256,2,Windows
764,Dell,Notebook,2.0,4,Intel,1.65,849.0,0,0,117.82653006268643,Core i3,2,500,0,2,Windows
765,Acer,Notebook,2.3,4,Intel,1.6,655.0,0,0,117.82653006268643,Core i5,3,0,128,2,Windows
766,Asus,Notebook,1.1,4,Nvidia,2.8,470.34,0,0,90.58340172449303,Pentium,1,1000,0,2,Windows
767,Dell,Gaming,2.6,16,Nvidia,2.72,1099.0,1,1,282.42399616439724,Core i7,4,1000,128,3,Windows
768,Samsung,Ultrabook,2.7,8,Intel,1.31,1599.0,1,0,165.6321180513006,Core i7,4,0,256,2,Windows
769,Acer,Notebook,1.1,4,Intel,2.1,298.0,0,0,100.45466986113651,Pentium,1,1000,0,2,Other
770,Dell,Notebook,2.7,16,AMD,2.3,1181.27,0,0,141.21199808219862,Core i7,4,0,256,2,Windows
771,Samsung,2 in 1 Convertible,2.7,16,AMD,1.71,1799.0,1,0,146.86047800548656,Core i7,4,0,256,2,Windows
772,Toshiba,Notebook,2.3,4,Intel,1.75,1020.0,0,1,111.93520355955211,Core i5,3,0,128,2,Windows
773,Dell,Gaming,2.8,8,Nvidia,2.62,1099.0,0,0,141.21199808219862,Core i7,4,1000,0,3,Windows
774,HP,Ultrabook,2.3,4,Intel,1.26,1244.0,0,0,125.36742798669837,Core i5,3,0,256,2,Windows
775,Asus,2 in 1 Convertible,2.7,12,Nvidia,2.3,839.0,1,0,141.21199808219862,Core i7,4,2000,0,2,Windows
776,Lenovo,Notebook,2.7,16,Nvidia,2.5,2370.0,0,0,282.42399616439724,Core i7,4,0,512,2,Windows
777,Acer,Notebook,2.4,4,Intel,1.8,636.0,0,1,157.3505121487356,Core i3,2,0,128,2,Windows
778,Razer,Gaming,2.8,16,Nvidia,1.95,2899.0,0,0,157.3505121487356,Core i7,4,0,512,4,Windows
779,Asus,Notebook,1.1,8,Intel,2.0,581.9,0,0,141.21199808219862,Pentium,1,0,128,2,Windows
780,Dell,Gaming,2.8,32,Nvidia,4.42,3588.8,0,1,127.33567457123111,Core i7,4,1000,1000,4,Windows
781,Asus,Gaming,2.6,16,Nvidia,4.3,2350.0,0,1,127.33567457123111,Core i7,4,1000,256,4,Windows
782,Toshiba,Ultrabook,2.6,16,Nvidia,1.47,1764.0,0,1,157.3505121487356,Core i7,4,0,512,2,Windows
783,Lenovo,Notebook,1.6,8,Intel,2.2,329.0,0,0,100.45466986113651,Celeron,1,1000,0,2,Other
784,Lenovo,Ultrabook,2.7,16,Intel,1.7,2299.0,0,0,157.3505121487356,Core i7,4,0,512,2,Windows
785,MSI,Gaming,2.8,16,Nvidia,1.6,1891.0,0,1,157.3505121487356,Core i7,4,1000,256,4,Windows
786,MSI,Gaming,2.5,8,Nvidia,2.2,1089.0,0,0,141.21199808219862,Core i5,3,1000,128,3,Windows
787,Lenovo,Gaming,2.8,4,Nvidia,2.4,999.0,0,1,141.21199808219862,Core i7,4,1000,0,3,Windows
788,Acer,Gaming,2.8,16,Nvidia,4.2,2299.0,0,1,127.33567457123111,Core i7,4,1000,256,4,Windows
789,Dell,Gaming,2.5,8,Nvidia,2.62,985.0,0,0,141.21199808219862,Core i5,3,0,256,3,Windows
790,Asus,Gaming,2.8,8,Nvidia,2.24,1339.0,0,0,141.21199808219862,Core i7,4,1000,128,4,Windows
791,Vero,Notebook,1.1,4,Intel,1.22,202.9,0,0,157.3505121487356,Celeron,1,0,0,2,Windows
792,Lenovo,2 in 1 Convertible,2.7,8,Intel,1.37,1970.0,1,1,165.6321180513006,Core i7,4,0,512,2,Windows
793,Lenovo,2 in 1 Convertible,2.5,8,AMD,2.08,959.0,1,0,141.21199808219862,Core i5,3,0,256,2,Windows
794,Apple,Ultrabook,1.2,8,Intel,0.92,1165.0,0,1,226.41554716935852,Core M,2,0,0,2,Mac
795,Lenovo,2 in 1 Convertible,2.5,8,Intel,1.42,2330.0,1,1,209.8006828649808,Core i5,3,0,256,2,Windows
796,Asus,Notebook,1.1,4,Intel,1.63,299.0,0,0,111.93520355955211,Celeron,1,0,0,2,Windows
797,Dell,Notebook,2.5,8,Intel,1.95,810.0,0,0,100.45466986113651,Core i5,3,0,128,2,Windows
798,Lenovo,2 in 1 Convertible,2.7,8,Intel,1.38,1349.0,1,1,158.48253022174808,Core i7,4,0,256,2,Windows
799,Dell,Notebook,2.0,8,AMD,2.0,739.0,0,0,141.21199808219862,Core i3,2,0,256,2,Windows
800,HP,Workstation,2.8,8,Nvidia,3.14,2064.9,0,0,141.21199808219862,Core i7,4,0,256,2,Windows
801,Asus,Notebook,2.5,8,Intel,2.37,1099.0,0,0,141.21199808219862,Core i5,3,0,256,2,Windows
802,Dell,Ultrabook,2.5,8,Intel,1.29,1499.0,0,0,165.6321180513006,Core i5,3,0,256,2,Windows
803,Dell,Notebook,2.5,8,Nvidia,2.06,1749.0,1,0,282.42399616439724,Core i5,3,0,256,3,Windows
804,Dell,Netbook,1.1,4,Intel,1.63,744.0,0,0,135.0942111925629,Pentium,1,0,128,2,Windows
805,HP,Netbook,2.6,8,Intel,1.26,1389.0,0,0,125.36742798669837,Core i5,3,0,256,2,Windows
806,Toshiba,Notebook,2.3,4,Intel,2.1,780.0,0,0,100.45466986113651,Core i5,3,500,0,2,Windows
807,HP,Notebook,2.5,8,AMD,2.04,629.0,0,0,100.45466986113651,A12-Series,1,2000,0,2,Windows
808,Dell,Gaming,2.8,16,Nvidia,2.62,1679.0,0,0,282.42399616439724,Core i7,4,0,512,3,Windows
809,Lenovo,Notebook,2.5,4,Nvidia,2.4,609.0,0,0,141.21199808219862,Core i5,3,1000,0,2,Windows
810,HP,Gaming,2.8,12,AMD,3.74,1749.0,0,1,127.33567457123111,Core i7,4,1000,0,2,Windows
811,MSI,Gaming,2.8,16,Nvidia,2.9,2415.0,0,0,127.33567457123111,Core i7,4,1000,512,4,Windows
812,Samsung,Ultrabook,2.5,8,Intel,0.81,1499.0,0,0,165.6321180513006,Core i5,3,0,256,2,Windows
813,Dell,Notebook,2.7,8,Nvidia,1.98,961.0,0,0,141.21199808219862,Core i7,4,1000,0,2,Windows
814,Dell,Notebook,2.5,8,AMD,2.18,789.81,0,0,141.21199808219862,Core i5,3,0,256,2,Windows
815,Lenovo,Ultrabook,2.7,8,Intel,1.32,1859.0,0,0,157.3505121487356,Core i7,4,0,256,2,Windows
816,Razer,Ultrabook,2.5,16,Intel,1.29,1799.0,1,1,352.4651472131677,Core i7,4,0,512,2,Windows
817,HP,Netbook,1.6,4,Intel,1.23,385.0,0,0,135.0942111925629,Celeron,1,0,0,2,Other
818,Dell,Gaming,2.8,16,Nvidia,4.36,2505.02,0,1,127.33567457123111,Core i7,4,1000,128,4,Windows
819,Dell,Notebook,2.3,4,Intel,1.76,755.0,0,0,111.93520355955211,Core i5,3,500,0,2,Windows
820,Lenovo,Notebook,2.0,4,Intel,2.1,489.9,0,0,100.45466986113651,Core i3,2,500,0,2,Windows
821,Toshiba,Ultrabook,2.5,4,Intel,1.25,1090.0,0,0,111.93520355955211,Core i5,3,0,128,2,Windows
822,Lenovo,Ultrabook,2.7,8,Intel,1.13,2499.0,0,1,157.3505121487356,Core i7,4,0,512,2,Windows
823,MSI,Gaming,2.5,8,Nvidia,2.4,1199.0,0,0,141.21199808219862,Core i5,3,0,256,3,Windows
824,Lenovo,Ultrabook,2.5,8,Intel,1.13,1875.0,0,1,157.3505121487356,Core i5,3,0,0,2,Windows
825,Toshiba,Notebook,2.1,4,Intel,1.75,499.0,0,0,111.93520355955211,Pentium,1,0,128,2,Windows
826,Asus,2 in 1 Convertible,2.5,8,Intel,1.1,1358.0,1,0,165.6321180513006,Core i5,3,0,256,2,Windows
827,Dell,Notebook,2.0,4,Intel,1.76,585.0,0,0,111.93520355955211,Core i3,2,500,0,2,Windows
828,Acer,Netbook,1.6,4,Intel,1.35,355.0,0,1,135.0942111925629,Celeron,1,0,0,2,Other
829,Acer,Notebook,2.4,8,Intel,1.5,619.0,0,1,157.3505121487356,Core i3,2,0,128,2,Windows
830,Razer,Gaming,2.9,32,Nvidia,3.49,5499.0,1,0,254.67134914246222,Core i7,4,0,512,4,Windows
831,Lenovo,Ultrabook,2.6,16,Intel,1.1,2099.0,0,1,209.8006828649808,Core i7,4,0,512,2,Windows
832,Asus,Notebook,2.5,4,Nvidia,2.1,519.0,0,0,141.21199808219862,Core i5,3,1000,0,2,Other
833,Lenovo,Notebook,2.3,8,Intel,1.7,1186.0,0,0,157.3505121487356,Core i5,3,0,256,2,Windows
834,Lenovo,Notebook,2.6,8,Intel,1.32,1650.0,0,1,157.3505121487356,Core i5,3,0,256,2,Windows
835,Dell,Gaming,2.8,16,Nvidia,3.21,2774.63,0,0,141.21199808219862,Core i7,4,1000,256,4,Windows
836,Asus,Gaming,2.8,16,Nvidia,2.9,2419.0,0,0,127.33567457123111,Core i7,4,1000,256,4,Windows
837,Toshiba,Notebook,2.4,4,Intel,2.0,669.0,0,0,100.45466986113651,Core i3,2,500,0,2,Windows
838,Lenovo,Notebook,1.6,4,Intel,1.5,325.0,0,0,111.93520355955211,Celeron,1,0,0,2,Other
839,Asus,Notebook,2.5,8,Intel,2.3,590.0,0,0,141.21199808219862,Core i5,3,128,0,2,Windows
840,Asus,Gaming,2.6,16,Nvidia,2.73,1799.0,0,0,127.33567457123111,Core i7,4,1000,512,4,Windows
841,Dell,Gaming,2.8,32,Nvidia,4.42,3072.89,0,1,127.33567457123111,Core i7,4,1000,512,4,Windows
842,HP,Notebook,2.5,8,Nvidia,2.63,910.0,0,0,106.11306214269258,Core i5,3,1000,0,2,Windows
843,Dell,Notebook,2.5,8,Intel,2.18,713.99,0,0,100.45466986113651,Core i5,3,0,128,2,Windows
844,HP,Ultrabook,2.5,8,Intel,1.54,1870.0,0,0,157.3505121487356,Core i7,4,0,512,2,Windows
845,Dell,Notebook,2.7,4,AMD,2.18,739.0,0,0,141.21199808219862,Core i7,4,0,256,2,Windows
846,HP,2 in 1 Convertible,1.1,4,Intel,1.4,615.0,1,0,135.0942111925629,Celeron,1,0,0,2,Other
847,Asus,Ultrabook,2.3,8,Nvidia,1.45,1026.0,0,1,165.6321180513006,Core i5,3,0,512,2,Windows
848,HP,2 in 1 Convertible,2.5,8,Intel,1.28,2277.0,1,0,165.6321180513006,Core i5,3,0,256,2,Windows
849,HP,Ultrabook,2.5,8,Intel,1.54,1468.0,0,0,157.3505121487356,Core i7,4,0,512,2,Windows
850,HP,Notebook,1.6,4,Intel,1.86,299.0,0,0,100.45466986113651,Celeron,1,0,128,2,Other
851,Asus,Gaming,2.8,16,Nvidia,2.1,1899.0,0,0,141.21199808219862,Core i7,4,1000,128,4,Windows
852,Dell,Notebook,2.7,8,AMD,2.83,865.0,0,0,127.33567457123111,Core i7,4,1000,0,2,Other
853,Lenovo,Ultrabook,2.8,8,Nvidia,1.96,1903.0,0,1,157.3505121487356,Core i7,4,0,256,2,Windows
854,Asus,Notebook,2.7,8,Nvidia,2.3,787.0,0,1,141.21199808219862,Core i7,4,0,256,2,Windows
855,Dell,Notebook,2.5,8,Intel,1.9,945.0,0,0,141.21199808219862,Core i5,3,0,128,2,Windows
856,Asus,Notebook,1.1,4,Intel,2.0,449.0,0,0,100.45466986113651,Pentium,1,1000,0,2,Windows
857,HP,2 in 1 Convertible,2.8,8,Intel,1.28,2559.0,1,0,165.6321180513006,Core i7,4,0,256,2,Windows
858,Dell,Notebook,2.3,8,Intel,1.62,649.0,1,0,165.6321180513006,Core i5,3,1000,0,2,Windows
859,Lenovo,Notebook,2.0,4,Intel,2.2,469.0,0,0,141.21199808219862,Core i3,2,1000,0,2,Other
860,Lenovo,Notebook,2.5,8,Intel,2.3,850.66,0,1,141.21199808219862,Core i5,3,1000,0,2,Windows
861,HP,Notebook,2.6,8,AMD,1.84,1349.0,0,0,141.21199808219862,Core i5,3,0,256,2,Windows
862,Toshiba,Notebook,2.5,4,Intel,1.05,1285.0,0,0,165.6321180513006,Core i5,3,0,128,2,Windows
863,Lenovo,Gaming,2.5,8,Nvidia,2.5,1017.0,0,1,141.21199808219862,Core i5,3,1000,0,3,Other
864,Dell,Ultrabook,2.5,16,Intel,1.29,2240.0,1,0,276.053530085501,Core i7,4,0,512,2,Windows
865,HP,Notebook,2.3,4,Intel,2.07,910.0,0,0,141.21199808219862,Core i5,3,500,0,2,Windows
866,Toshiba,Ultrabook,2.3,8,Intel,1.2,1095.0,0,0,117.82653006268643,Core i5,3,0,256,2,Windows
867,Lenovo,2 in 1 Convertible,2.7,8,Intel,1.37,1950.0,1,1,165.6321180513006,Core i7,4,0,256,2,Windows
868,Acer,Notebook,2.5,8,Intel,1.56,902.0,0,1,157.3505121487356,Core i5,3,0,256,2,Windows
869,Dell,Workstation,2.8,8,Nvidia,2.23,1778.0,0,0,141.21199808219862,Core i7,4,1000,0,2,Windows
870,Lenovo,Notebook,2.5,4,Intel,2.38,1055.0,0,0,100.45466986113651,Core i5,3,500,0,2,Windows
871,Lenovo,Notebook,2.0,4,AMD,2.2,479.0,0,0,141.21199808219862,Core i3,2,1000,0,2,Other
872,Toshiba,Notebook,2.7,8,Intel,2.0,1388.0,0,1,141.21199808219862,Core i7,4,0,256,2,Windows
873,Lenovo,Notebook,2.4,4,Intel,1.44,735.0,0,1,165.6321180513006,Core i3,2,0,180,2,Windows
874,Samsung,Ultrabook,2.7,16,Nvidia,1.23,1849.0,0,0,146.86047800548656,Core i7,4,0,256,2,Windows
875,Dell,Ultrabook,2.8,8,Intel,1.6,1690.0,0,0,176.23257360658386,Core i7,4,0,256,2,Windows
876,Asus,Notebook,1.1,4,Intel,2.0,398.99,0,0,100.45466986113651,Pentium,1,1000,0,2,Other
877,Xiaomi,Ultrabook,2.3,8,Nvidia,1.28,935.0,0,1,165.6321180513006,Core i5,3,0,256,2,Windows
878,Dell,Notebook,2.5,4,Nvidia,2.18,912.5,0,0,141.21199808219862,Core i5,3,1000,128,2,Windows
879,HP,Notebook,2.5,4,Intel,2.04,839.0,0,0,141.21199808219862,Core i5,3,0,256,2,Windows
880,HP,2 in 1 Convertible,2.5,4,Intel,1.28,1700.0,1,0,165.6321180513006,Core i5,3,0,256,2,Windows
